id,pw,name,major,gender,grade,hobby
Hilda,9825,Stollhofer,computer,F,71,golf
Belvia,1785,Sheryn,machine,F,72,game
Liam,6430,Mixture,science,M,21,game
Ediva,9980,Espinel,machine,F,50,game
Shaun,4462,Debrett,machine,F,1,book
Raynor,9258,O' Bee,science,M,27,book
Esta,8703,Wayper,computer,F,93,golf
Fin,3834,Tompkins,machine,M,81,run
Emmet,2183,Drayn,computer,M,10,swim
Delmor,6834,Shobbrook,computer,M,94,swim
Quent,5645,O'Dunniom,science,M,59,run
Hort,4823,Boreham,science,M,42,book
Norene,9258,Brazenor,computer,F,34,swim
Pacorro,6100,Zealey,machine,M,14,golf
Nat,4419,Shoulders,science,M,14,game
Mickie,6195,Kinsell,computer,M,69,golf
Merrick,6936,Faull,machine,M,16,run
Dorie,6654,Asplin,machine,F,34,swim
Bentlee,4323,Urien,science,M,68,golf
Abbott,9922,Rowth,science,M,64,swim
Joey,1691,Slide,machine,F,12,book
Mareah,3702,Larkings,machine,F,39,golf
Murry,7235,Bleazard,machine,M,67,book
Dud,8825,Loch,computer,M,49,game
Bernadina,4310,Demonge,computer,F,51,golf
Howard,1147,Duplock,machine,M,66,run
Randi,3366,Lorenz,science,F,28,run
Win,8285,McClements,science,M,49,book
Jolyn,1985,Withey,science,F,85,run
Yurik,9833,Cornillot,machine,M,84,book
Delcine,7684,Gallop,machine,F,55,golf
Westbrook,6125,Stiegars,machine,M,63,game
Tibold,3110,Mowett,machine,M,72,run
Howey,6940,Grushin,science,M,21,swim
Corena,8215,Savine,computer,F,18,book
Krissy,5801,Maidment,computer,F,91,golf
Ursulina,5042,Drever,computer,F,61,book
Bentlee,5345,Lidster,computer,M,14,swim
Merwin,7124,Withinshaw,computer,M,9,game
Robina,4889,Sincock,machine,F,63,run
Gilles,4023,Woollett,machine,M,70,run
Calv,1522,Stock,computer,M,28,run
Crista,4993,Rosenau,machine,F,36,run
Kimble,9529,Glendinning,machine,M,51,run
Ximenes,8726,Hort,computer,M,91,swim
Marten,1235,Strotton,machine,M,96,golf
Enos,5864,Speer,computer,M,8,book
Clarette,6057,Danford,machine,F,93,game
Weylin,3959,Tibbles,machine,M,15,golf
Elnora,3697,Burgon,machine,F,34,swim
Mischa,3137,Moylan,machine,M,10,swim
Brittne,3184,Pickering,machine,F,69,book
Caryl,8363,Aldrin,science,F,45,game
Tully,2393,Viccary,science,M,28,game
Keith,2193,Roscrigg,science,M,13,book
Dru,9591,Grasha,machine,F,1,book
Tate,8214,Hechlin,machine,M,63,run
Abagail,6546,Grainger,machine,F,2,book
Ashla,3372,Casewell,machine,F,100,swim
Rozanne,4024,Cranfield,computer,F,84,run
Fawnia,9854,Autin,science,F,35,game
Rafaelita,3100,Dincey,computer,F,81,run
Early,4374,Marryatt,computer,M,60,game
Fergus,1286,Storre,computer,M,36,book
Guinna,3143,Diggons,machine,F,72,run
Geri,2620,Arndell,computer,F,11,book
Payton,5889,Dibdall,computer,M,50,run
Daffie,8003,Egell,machine,F,11,run
Jonis,3564,Driscoll,machine,F,4,run
Karalee,7503,Spargo,computer,F,39,book
Kacie,3300,Pimblotte,computer,F,59,game
Norma,7135,Bilbrey,computer,F,10,golf
Ruthi,7841,Orhtmann,science,F,74,run
Anabel,1838,Sendley,machine,F,9,game
Frankie,2733,Kenealy,computer,M,88,book
Malorie,8328,Pikhno,machine,F,32,golf
Jeffie,2764,Airs,science,M,68,game
Florian,6631,Ridgley,computer,M,95,swim
Norri,9489,Adrianello,computer,F,20,golf
Elana,3886,Headington,machine,F,72,swim
Padraic,3740,Pomfrey,computer,M,39,golf
Amberly,6702,Lanegran,machine,F,72,golf
Rosina,5250,Sargerson,machine,F,7,game
Hobie,8893,Richardot,machine,M,46,game
Riva,4552,Kobisch,machine,F,63,run
Roobbie,6024,Hartmann,machine,F,58,swim
Sigmund,8909,Metcalfe,machine,M,43,run
Leonid,5932,Ellerman,computer,M,54,golf
Cirstoforo,7857,Fullom,science,M,5,golf
Stesha,9912,Vazquez,computer,F,27,game
Codi,7805,Shulem,machine,F,62,swim
Edwina,9936,Wressell,science,F,53,game
Ingra,1854,Heliet,computer,M,47,book
Sammie,5679,Dessaur,machine,M,12,golf
Goober,4442,Stirtle,machine,M,27,golf
Nappy,8541,Niblo,machine,M,21,game
Nona,6699,Mackleden,machine,F,86,book
Roz,5166,Connew,machine,F,5,game
Deana,7838,Giorgini,machine,F,47,swim
Celestina,1420,Ebbotts,science,F,2,book
Michaeline,7451,Bromet,machine,F,43,game
Randolf,5864,Sowden,science,M,16,swim
Allyson,6130,Bowden,computer,F,13,game
Melody,1241,Kittman,machine,F,59,run
Burtie,7202,Colpus,science,M,43,swim
Roselle,1269,Lucien,computer,F,15,run
Dominick,4697,Campana,science,M,3,golf
Cele,9481,Clash,science,F,2,book
Abbott,2006,Cyson,computer,M,25,game
Klement,2839,Lukianov,machine,M,62,run
Henry,3507,Aiers,science,M,79,run
Bink,7160,Lapidus,computer,M,49,book
Rodrigo,7211,Meo,machine,M,64,run
Raimondo,2804,Cosson,machine,M,64,book
Nikos,9155,Anetts,machine,M,69,book
Cyndy,1650,Fernez,machine,F,31,book
Skipper,1201,Kenworthey,machine,M,21,golf
Holli,1627,Karlik,machine,F,60,swim
Florry,9997,Bollis,science,F,79,golf
Marcellina,9625,Giller,machine,F,12,game
Humberto,9876,Adshede,computer,M,19,game
Irv,2660,Mattiessen,computer,M,95,swim
Staford,4200,Tschierasche,science,M,28,game
Cazzie,4484,Gerdts,machine,M,92,game
Pate,1994,Harrowell,science,M,58,golf
Lyn,2047,Ould,computer,F,99,game
Wilfrid,4656,Brice,machine,M,87,game
Tobe,1431,Sea,science,F,3,run
Mellie,8611,Pleasance,machine,F,56,run
Nathaniel,1948,Masding,machine,M,13,game
Kirby,3367,Caulier,computer,M,22,swim
Archie,9318,Jorez,machine,M,72,swim
Keith,3222,Benedit,computer,M,24,game
Bald,6818,Kelner,machine,M,1,book
Iorgos,6674,Sausman,computer,M,78,swim
Lissy,5566,Vamplew,computer,F,46,golf
Binni,6882,MacCoughan,machine,F,32,swim
Syd,1215,Dawidowitz,science,M,32,run
Hartwell,7229,Snazle,machine,M,49,run
Carin,8984,Osmon,machine,F,33,game
Elsa,7705,Nowell,machine,F,79,game
Kalle,2491,Giovanni,machine,M,66,golf
Fairlie,8918,McCalum,computer,M,25,book
Miner,2135,Kinchington,science,M,46,golf
Jacqueline,2695,Atcheson,machine,F,14,run
Raychel,1886,Goldstone,science,F,3,run
Porter,2043,Brader,machine,M,59,swim
Kurt,7949,Youings,machine,M,44,game
Jasper,3576,Assante,machine,M,92,swim
Yoshi,5712,Kiezler,computer,F,45,book
Elizabet,8811,Blakeway,machine,F,90,run
Gray,7593,Crofts,machine,M,23,game
Zilvia,9098,Abercrombie,computer,F,4,book
Phillip,1465,Keam,machine,M,83,book
Mozelle,3460,Shotter,machine,F,21,golf
Lenard,9562,Travis,machine,M,65,game
Gawain,5578,Monnery,computer,M,99,book
Elli,7258,Muckian,science,F,22,book
Hi,1185,Slott,machine,M,58,run
Leeanne,3102,Daltrey,science,F,80,game
Jobey,5987,Kennifick,computer,F,80,golf
Shanna,1653,Philcott,science,F,89,swim
Katherine,3487,Roselli,computer,F,76,swim
Helen-elizabeth,4320,Joe,science,F,69,swim
Rogers,7739,MacArthur,machine,M,75,run
Lay,5141,Guiu,machine,M,21,book
Shelley,8909,Coat,science,F,19,swim
Sarette,9525,Kuscha,machine,F,56,golf
Rochell,1772,Robrose,computer,F,72,book
Lukas,4252,Daft,machine,M,33,golf
Seline,5545,Epdell,science,F,28,game
Carolyn,2303,Fader,computer,F,60,swim
Loraine,8485,Downham,science,F,23,run
Joana,6910,Lilleman,computer,F,48,swim
Casandra,4293,Stave,machine,F,58,swim
Lorna,7253,Gaythwaite,computer,F,15,game
Birk,9844,Moline,machine,M,53,run
Flem,6463,Sawkin,machine,M,21,book
Marlow,1512,Rolling,machine,M,41,book
Berget,6958,Nilles,computer,F,16,golf
Fairleigh,6513,Sawtell,machine,M,24,game
Sybyl,6241,Lasty,machine,F,39,book
Vittoria,2719,Mallabar,machine,F,63,book
Derry,6805,Melbourne,machine,M,33,swim
Reggy,2731,Aldiss,machine,M,70,swim
Salomi,2606,Cometson,machine,F,75,game
Klarika,1114,Poole,science,F,95,golf
Case,5400,Halls,science,M,11,book
Berget,2836,Evamy,machine,F,20,game
Odilia,8525,Pegg,machine,F,85,book
Benedetto,8442,Raden,machine,M,43,game
Legra,3054,Vignaux,machine,F,22,swim
Hebert,3884,Rain,machine,M,69,game
Prince,4638,Canto,computer,M,16,book
Zandra,5256,Hows,computer,F,1,swim
Hephzibah,2104,Scourgie,machine,F,88,book
Tobit,1242,Barnewell,computer,M,35,swim
Benjie,4836,Boldock,computer,M,55,golf
Lindsay,2941,Folkerts,computer,F,56,golf
Leonardo,8854,Smitheman,machine,M,52,golf
Adaline,1420,Fortun,science,F,18,game
Burton,3881,Clynter,science,M,83,run
Sheff,2978,Tunnacliffe,machine,M,85,game
Dotty,3571,Odgaard,machine,F,34,run
Lezley,3167,Pethrick,machine,M,99,game
Wandie,3830,Gionettitti,machine,F,14,golf
Les,4007,Delgado,science,M,36,golf
Jeanette,9907,Casement,computer,F,50,game
Olenolin,9794,Helkin,machine,M,42,run
Robert,7168,Biddlestone,computer,M,94,golf
Ky,8278,Keniwell,computer,M,93,run
Robyn,3408,Grout,machine,F,53,game
Mac,3043,Kliement,science,M,14,golf
Albertina,6128,Minister,computer,F,24,game
Rosene,6542,Wandrack,science,F,41,swim
Sanford,6477,Deal,machine,M,43,game
Ezequiel,2554,Cristoferi,machine,M,35,swim
Hansiain,7804,Woolis,computer,M,50,golf
Coletta,9435,Pridding,science,F,83,book
Krista,5552,Burridge,computer,F,68,book
Beverlee,4651,Bartod,computer,F,35,swim
Mechelle,1370,Connew,machine,F,66,swim
Lock,9311,Mawditt,science,M,93,run
Jilleen,4047,Kitcherside,machine,F,86,run
Bernelle,6070,Simonot,science,F,64,swim
Bale,2677,Rodgers,machine,M,53,swim
Mariejeanne,6595,Wride,computer,F,94,game
Ernst,5982,Brownlee,machine,M,12,golf
Brucie,4683,Rootham,machine,M,39,run
Barb,2307,Hewlings,machine,F,37,run
Zorine,5413,Gareisr,computer,F,32,game
Karin,5141,Ferrige,machine,F,9,golf
Maisie,3723,Lynnitt,science,F,97,run
Raddy,1251,Leggon,machine,M,76,swim
Kennett,1667,Myott,machine,M,3,game
Camellia,5928,Addicote,machine,F,10,game
Clarinda,6255,Gartin,computer,F,43,run
Clemmy,5188,Hardy,machine,M,35,game
Phillipp,8562,Heard,machine,M,31,golf
Lucius,4431,Devitt,computer,M,16,book
Clemmy,5072,Pickerin,computer,M,26,book
Minnie,2238,Kuhnt,machine,F,59,golf
Launce,3755,Renals,computer,M,16,game
Valene,4755,Batty,science,F,100,book
Gabie,5740,De'Ath,machine,F,43,book
Kimberlee,4583,Dudbridge,science,F,18,book
Kai,1015,Langmead,science,F,8,book
Cristal,4961,Boulder,machine,F,18,golf
Lurline,6638,Labin,science,F,39,game
Lou,5482,Olcot,science,M,51,game
Haskell,6908,Janoch,machine,M,15,game
Greg,9948,Perfect,machine,M,65,book
Jacklyn,1568,Lorrimer,computer,F,45,book
Dotty,1101,Cicetti,science,F,17,book
Barbra,1304,Westmancoat,machine,F,42,golf
Britte,5287,Borrow,science,F,19,swim
Rolph,8704,Kupke,machine,M,89,swim
Christina,4163,Hallibone,science,F,41,run
Roxanna,8776,Bockings,computer,F,24,game
Janessa,3883,Habron,machine,F,12,book
Natale,2744,Schimke,science,M,83,golf
Corrie,9546,Lankham,science,F,68,swim
Alecia,9378,Brightey,computer,F,31,golf
Sarine,1523,Seager,machine,F,63,run
Angeline,2730,Macconaghy,machine,F,93,golf
Holt,5795,Jentle,machine,M,85,book
Lynnell,9658,Pearde,computer,F,30,game
Frasier,7345,Boddis,computer,M,41,swim
Teodoor,3824,Dubarry,machine,M,76,game
Alvan,9105,Probet,computer,M,56,game
Vince,5644,Dyet,computer,M,2,book
Iormina,1126,Gossage,science,F,52,book
Lenci,3154,Cicetti,machine,M,70,run
Charlene,6901,McLevie,machine,F,41,swim
Maurie,3671,Maryin,science,M,80,book
Marielle,9227,MacSwayde,computer,F,85,game
Carie,4143,Cromer,machine,F,90,run
Kenn,9330,Brennenstuhl,science,M,76,run
Leeland,5695,Punt,computer,M,81,game
Charlena,4850,Boas,science,F,26,game
Gilly,3547,Caseri,machine,F,56,run
Hildagarde,8158,Asipenko,machine,F,31,run
Dale,5128,Dumingos,machine,M,36,run
Ros,2869,Sowrah,machine,F,22,golf
Sheppard,5617,Yashnov,machine,M,15,swim
Nathalia,9549,Shalloe,machine,F,11,run
Evan,2932,Atwell,machine,M,17,golf
Evin,2530,Olman,machine,M,62,golf
Trish,6523,Bysh,machine,F,57,swim
Baillie,9446,Otteridge,science,M,97,game
Libbey,6938,Schwander,computer,F,73,golf
Quintin,5505,Bolesma,science,M,46,golf
Taite,9030,Andren,science,M,83,golf
Saraann,8293,Blincowe,machine,F,20,run
Jourdan,5672,Tanswill,computer,F,72,golf
Adrian,9993,Monte,machine,M,90,run
Aguie,1020,Koppelmann,computer,M,9,run
Annelise,6480,Miles,science,F,30,game
Chris,9413,Lowles,machine,M,20,run
Constantine,7102,Bredee,machine,F,6,game
Steffen,1160,Faudrie,computer,M,58,game
Stephanus,7681,Ferrant,machine,M,69,game
Lorrayne,6430,Louys,machine,F,82,run
Antons,4526,McKeady,machine,M,36,run
Mead,8384,Cordobes,science,F,80,golf
Sena,2251,Bursnell,science,F,45,run
Neddy,8057,Wadly,science,M,79,run
Yank,5397,Droogan,science,M,7,game
Antoni,6312,Sleite,machine,M,99,golf
Byran,6814,Justham,computer,M,77,game
Aime,1223,Valett,machine,F,91,swim
Worden,1226,Trahar,computer,M,84,golf
Merl,1244,Matteoni,machine,F,50,golf
Carolan,1232,Gentzsch,computer,F,67,swim
Bernadina,4914,Demogeot,computer,F,44,swim
Gerik,3570,Braffington,science,M,19,swim
Karlotte,8340,Thaxton,science,F,32,swim
Ross,2015,Garlant,science,M,63,golf
Diarmid,7237,Rapo,computer,M,28,swim
Beauregard,5316,Bragger,computer,M,91,golf
Lars,1477,Eloi,machine,M,13,book
Cooper,5684,Booth-Jarvis,science,M,50,swim
Linus,9001,Josephson,machine,M,96,swim
Godard,8843,Tremayle,computer,M,37,golf
Yvonne,3866,Petry,science,F,16,swim
Chantalle,1449,Merioth,machine,F,84,swim
Omar,2354,Hailes,machine,M,91,run
Haskel,9042,Freckingham,machine,M,6,book
Stanley,5829,Marks,computer,M,50,swim
Jaine,5713,Brach,science,F,24,golf
Myer,9627,Rochelle,science,M,27,book
Cart,3333,Schultze,machine,M,29,golf
Noelyn,1722,Gianinotti,computer,F,9,run
Osmund,4016,Arnold,machine,M,16,swim
Berton,4209,Yielding,science,M,63,game
Jethro,8154,Bamlett,computer,M,8,swim
Mathew,1952,Hallahan,science,M,55,book
Roland,4614,Lidgate,machine,M,85,swim
Catlaina,2539,Godbald,machine,F,11,book
Obadias,9376,Berntsson,machine,M,64,swim
Klarrisa,5615,Malkin,computer,F,98,run
Georgie,4297,Cereceres,science,F,3,run
Cissy,4257,Willox,computer,F,76,run
Tabbi,6993,Dillaway,science,F,19,run
Consolata,5433,Vorley,machine,F,27,game
Dani,9126,Mouton,machine,M,32,run
Ody,1204,Vasyukhichev,machine,M,98,run
Moira,7816,Fotitt,machine,F,84,run
Nealy,9248,Frome,computer,M,78,golf
Reynard,6241,Gooda,science,M,15,book
Joann,8659,Purshouse,computer,F,38,run
Greggory,8973,Trustram,science,M,74,book
Guy,6767,Forsdike,computer,M,79,golf
Ruperto,5425,Standbrook,machine,M,98,golf
Malinde,4255,Ayrs,machine,F,6,golf
Ewart,3165,Longfellow,computer,M,57,swim
Inger,1561,Quantrell,machine,M,49,run
Rosa,1049,Tartt,machine,F,34,run
Lavinie,9338,Bartlosz,machine,F,10,run
Angel,2200,Galfour,science,M,97,game
Rafael,6967,Vila,science,M,53,golf
Denni,7193,McAusland,computer,F,80,swim
Carolin,7621,Wearing,computer,F,87,book
Delano,4764,Terrill,machine,M,17,golf
Hesther,3504,Smyth,computer,F,8,run
Reagan,4644,Threlkeld,machine,M,35,swim
Rhodie,2016,Martt,machine,F,41,game
Ilyse,8440,Kember,science,F,74,golf
Ulric,3145,Sturzaker,machine,M,72,book
Ingeborg,3269,Januszkiewicz,science,F,89,golf
Pall,2452,Leece,machine,M,63,run
Jackson,2795,Dochon,computer,M,51,game
Zachery,1177,Jerrems,computer,M,18,swim
Ardisj,3565,Rutley,machine,F,17,swim
Denny,8453,Gillbard,machine,F,62,golf
Brandy,7632,Middler,science,F,95,game
Vikki,8655,Hallbord,computer,F,91,game
Lelah,5424,Scorer,computer,F,80,book
Elspeth,4045,Dowyer,computer,F,95,run
Harlene,1591,Headon,science,F,49,swim
Flory,1019,Groll,science,M,66,game
Christoffer,3096,MacVanamy,computer,M,89,golf
Richmond,3492,Poynor,machine,M,29,run
Jerrie,3632,Markie,machine,M,19,run
Netty,9419,Cranfield,science,F,91,golf
Sarajane,3151,MacPaik,science,F,51,book
Barbette,3507,Vyvyan,computer,F,12,swim
Winifred,6822,Menelaws,science,F,5,game
Sandy,8990,O' Neligan,machine,M,51,run
Olia,2260,Diament,machine,F,26,book
Wanids,2867,Wiffen,science,F,3,book
Mal,5185,Lotte,science,M,81,run
Louisa,2553,Ingyon,machine,F,21,golf
Patrice,3129,Tatlowe,computer,M,84,game
Logan,6049,Garrit,machine,M,83,golf
Bobine,1075,Stanion,science,F,63,book
Brok,7920,Dadswell,science,M,61,run
Evelin,4785,Teale,computer,M,93,swim
Berkie,2898,Carneck,machine,M,59,game
Sukey,8472,Ghilks,science,F,97,book
Karie,4190,Bradnum,machine,F,75,book
Ali,3371,Pavlenkov,computer,F,59,run
Lesley,4106,Trundle,machine,F,80,golf
Vaclav,1943,Jakes,machine,M,84,swim
Mariann,8129,Mityakov,machine,F,11,game
Patricia,3180,Colqueran,machine,F,57,golf
Koressa,8172,Bonnin,computer,F,21,game
Mikkel,7512,Mahaddy,machine,M,81,game
Seline,9615,Garrold,machine,F,47,run
Denni,1196,Loughlan,computer,F,68,swim
Lawry,9500,Holburn,science,M,90,game
Brad,9839,Doughartie,computer,M,96,game
Erena,1606,Canada,machine,F,29,book
Lulita,2108,Prewett,machine,F,84,game
Juliet,8957,De Carlo,machine,F,19,golf
Cristian,4635,Sheward,machine,M,70,golf
Dwain,7695,Barthelemy,machine,M,37,golf
Clayton,3492,Jaynes,machine,M,99,run
April,9179,Volkes,computer,F,47,book
Ophelia,2123,Crackett,science,F,37,golf
Zak,3347,Rowlands,computer,M,67,game
Constancia,4523,Garrals,computer,F,44,book
Onofredo,3698,Tomkiss,machine,M,86,book
Antony,8217,Mulmuray,science,M,87,run
Leroy,2834,Scanlin,machine,M,100,golf
Daffy,1523,Silby,machine,F,33,run
Desdemona,6514,Ayshford,machine,F,86,book
Terence,6388,Trevance,machine,M,11,book
Amalia,3892,Jzhakov,computer,F,96,game
Luke,5970,Heersema,machine,M,56,golf
Kai,8778,Ketteringham,computer,F,37,run
Emmalyn,6915,Belin,machine,F,28,swim
Jephthah,9207,Duffie,computer,M,76,book
Frederick,7727,Korb,science,M,83,game
Ashlen,9237,Manford,computer,F,80,run
Hermia,6684,Klimkov,machine,F,82,run
Portie,7355,Killshaw,machine,M,89,run
Kelsey,8304,Seeks,machine,F,82,book
Sophronia,4168,Kingscote,computer,F,50,game
Town,3885,Lipprose,machine,M,75,swim
Cicely,7591,Stempe,machine,F,8,swim
Lucian,8143,Skeermer,machine,M,11,book
Wit,9272,Grassin,machine,M,17,golf
Shawnee,4565,Pickthall,machine,F,76,swim
Mozes,5140,Stanyer,science,M,57,game
Huey,2588,Doctor,science,M,38,game
Eartha,6083,Tingey,science,F,28,run
Nico,6749,Borrell,machine,M,58,swim
Frederick,9087,Vass,machine,M,36,swim
Ker,1472,Newling,machine,M,73,golf
Isak,1560,Tidey,machine,M,15,golf
Baily,7971,Thome,machine,M,12,golf
Den,9906,Jain,computer,M,63,swim
Reube,6306,Mityushin,machine,M,74,run
Tamar,1841,Bracco,computer,F,45,run
Ruthanne,6615,Brend,science,F,29,swim
Jess,2221,Tennison,machine,F,35,golf
Garnet,5765,Fawkes,computer,F,56,swim
Giacinta,1970,Hackley,machine,F,100,game
Brady,1790,Pleavin,machine,M,43,golf
Ashleigh,9521,Beals,computer,F,10,book
Donnamarie,7291,Heathwood,machine,F,87,golf
Marylou,6134,Lotherington,computer,F,91,golf
Ethelind,7088,Bazley,science,F,11,golf
Stillmann,3117,Soule,machine,M,32,run
Ermin,7331,Blueman,science,M,50,run
Barrett,2501,Goodbairn,computer,M,92,game
Archy,8252,Prevost,science,M,99,golf
Lazar,7676,Camel,science,M,27,golf
Eula,9732,Blanchet,machine,F,63,book
Maurizio,9545,Mence,computer,M,64,swim
Klemens,1770,Villiers,science,M,76,run
Bron,8452,Skegg,science,M,53,game
Orsola,4303,Rubinow,science,F,87,book
Dalia,4399,Ellams,machine,F,11,golf
Morten,2300,Dudbridge,science,M,90,game
Adelbert,9408,Fosten,machine,M,36,book
Brenna,7369,Penning,computer,F,19,golf
Trisha,3223,Pellamonuten,computer,F,65,golf
Creighton,9792,Stitson,science,M,10,game
Buiron,3200,Arington,machine,M,22,run
Paul,3598,Gowans,science,M,55,golf
Davy,8947,Scamerdine,machine,M,30,swim
Neddy,2093,Chaplyn,machine,M,90,book
Eleen,3722,Riding,computer,F,31,game
Irwinn,4782,Luard,machine,M,62,game
Gar,3469,Gouldstraw,machine,M,67,book
Jere,3471,Brunelli,machine,M,6,swim
Baxter,3611,Jenyns,computer,M,32,game
Prinz,7749,Daniele,machine,M,77,game
Dillie,3605,Kilby,computer,M,40,game
Sigmund,4160,Bradie,machine,M,97,book
Delphine,9495,Flood,machine,F,97,run
Vevay,2327,Rey,machine,F,60,run
Pooh,3703,Clarkin,machine,F,62,golf
Ev,7430,Garbett,machine,M,3,game
Kimberlyn,6855,Fitt,science,F,17,swim
Saxe,2037,Trayhorn,science,M,98,game
Town,2939,Maseyk,computer,M,45,swim
Sanford,5209,Lindsey,machine,M,96,run
Had,5198,Hedling,science,M,9,run
Jacklyn,5093,Hercules,machine,F,81,golf
Camellia,2451,Edwicke,computer,F,67,golf
Weber,5349,Duker,machine,M,16,golf
Jenilee,3804,Kohnemann,science,F,97,book
Fredric,8522,Sand,computer,M,34,golf
Conn,4497,Dessaur,science,M,49,run
Georgiana,8349,Capewell,computer,F,79,run
Smitty,7931,Filipson,science,M,35,book
Vin,7851,Vereker,machine,M,39,game
Melvyn,4450,Clementson,computer,M,3,golf
Dorree,7323,Copcote,science,F,26,game
Gregg,3371,Earey,machine,M,87,run
Caresa,5311,Scarffe,science,F,89,game
Blondie,4915,Trowel,computer,F,25,book
Deni,2113,Acey,machine,F,82,game
Paten,9177,Lasslett,computer,M,27,book
Mattias,2004,Gilliland,machine,M,99,run
Oswald,8647,Patmore,machine,M,83,book
Timoteo,2816,Stent,science,M,34,book
Gustavo,8646,D'Errico,computer,M,95,run
Jerald,8300,O'Cosgra,machine,M,33,swim
Kippar,6706,Osler,machine,M,35,swim
Juieta,2963,Playfair,machine,F,64,book
Hammad,7592,Redmayne,machine,M,74,golf
Brad,3630,Wince,machine,M,31,golf
Marie,6601,Troctor,machine,F,39,game
Maure,3108,Pyson,machine,F,64,run
Tim,2819,Plenderleith,science,M,32,book
Belva,6775,Harland,machine,F,46,run
Nana,5573,D'Arrigo,computer,F,20,run
Crichton,9135,Dimberline,science,M,14,run
Garwin,3939,Bichard,machine,M,42,book
Stephine,3966,Shirtliff,machine,F,50,swim
Nanny,2200,Gunbie,science,F,42,golf
Huey,3048,Boldock,machine,M,30,golf
Gwen,4775,Cornils,machine,F,58,golf
Burton,6557,Emslie,science,M,75,book
Shaylah,4237,Ducaen,machine,F,84,book
Lelia,4192,Muzzini,machine,F,74,swim
Teodoro,7394,Osipov,machine,M,96,book
Florenza,5888,Swiers,science,F,78,run
Wye,2664,Querree,computer,M,35,swim
Terrel,6523,Gelder,computer,M,68,game
Callean,5279,Tomadoni,machine,M,34,game
Camilla,6675,Sokill,computer,F,36,game
Alphard,1203,Yvon,machine,M,62,swim
Jeramie,9030,Haggerty,computer,M,60,swim
Gabie,2816,Matthias,computer,F,27,run
Winifield,2970,Sinton,science,M,98,book
Enoch,3825,Franschini,science,M,23,game
Karmen,4340,Urquhart,machine,F,50,book
Elfie,6263,Del Dello,machine,F,57,book
Gustaf,6236,O'Flaherty,machine,M,70,golf
Val,9325,Guilloton,machine,M,99,book
Sybila,6266,Albasiny,machine,F,70,golf
Dulsea,8915,Baily,science,F,54,game
Elayne,5233,Awdry,machine,F,59,game
Celestine,9884,Dwelly,machine,F,64,game
Lissi,9871,Cartner,computer,F,100,golf
Bill,3252,Botton,computer,M,71,book
Rosalyn,3445,Biggans,science,F,87,book
Garwood,8737,Eatock,science,M,25,book
Jock,9247,Petrollo,computer,M,42,run
Batsheva,9479,Yurkin,computer,F,40,swim
Bale,4475,Spellard,machine,M,41,golf
Estelle,5973,Chasmoor,machine,F,6,run
Quincy,3661,Revell,science,M,65,book
Lorianne,5072,Crocken,machine,F,39,run
Sidoney,3816,Trevena,computer,F,61,swim
Raye,8082,Pietron,machine,F,18,golf
Merrile,2496,Eddis,science,F,84,game
Artair,7201,Mingo,computer,M,61,game
Hy,4951,Casserly,computer,M,52,swim
Frank,1393,Loutheane,machine,F,8,swim
Andie,1748,Robbings,machine,M,35,game
Trixie,7988,Folke,science,F,49,book
Freida,7598,Thoresby,machine,F,39,run
Olly,3047,D'Hooge,science,M,53,run
Kennett,7731,Mackison,machine,M,51,book
Editha,9358,Seniour,science,F,61,game
Loralyn,1296,Hitzke,machine,F,18,swim
Malachi,6577,Carrell,machine,M,92,game
Feliza,3031,Easterby,machine,F,24,golf
Curt,3892,Brigstock,machine,M,35,run
Lorettalorna,3383,Ritter,computer,F,70,golf
Carolynn,3735,Keywood,machine,F,79,golf
Clay,7219,Adnam,machine,M,75,game
Giorgia,6178,Carmody,computer,F,37,book
Vitia,8032,Janton,machine,F,4,run
Johnnie,7534,Cutler,science,M,77,run
Noak,7674,Edwick,computer,M,28,game
Agnese,3804,Lavell,machine,F,55,swim
Marven,4254,Dansken,computer,M,21,golf
Andrey,1057,Kinneir,machine,M,41,swim
Ahmad,2035,Dibbert,machine,M,80,run
Calv,7912,Stichall,machine,M,27,book
Lennard,5234,Downs,science,M,1,run
Annamaria,2224,Shallo,machine,F,18,golf
Cati,2371,Barrowcliffe,machine,F,21,run
Patten,8346,Fagence,science,M,48,swim
Tammy,8093,Tidgewell,machine,M,54,swim
Joellen,7742,McNeil,computer,F,61,swim
Benjamin,2112,Reames,machine,M,55,run
Cacilie,2329,Hullock,machine,F,54,book
Rosamond,6574,Pinchen,machine,F,35,run
Wilden,7225,Kneath,computer,M,30,run
Melita,6654,Sloss,machine,F,49,run
Delainey,6969,Ayers,machine,M,78,golf
Rockie,7284,Abberley,machine,M,36,run
Ceil,9820,Roder,machine,F,93,run
Elysee,2792,Duggleby,machine,F,45,game
Sascha,1658,Haighton,computer,M,8,run
Haze,4494,McClounan,machine,M,24,golf
Hugibert,8718,Rime,machine,M,17,game
Correy,5404,Yeend,science,F,48,game
Payton,3128,Humpage,computer,M,8,run
Lyndsay,9773,Mokes,machine,F,38,run
Meade,8924,Neumann,science,M,60,book
Rozina,2787,Drews,science,F,75,book
Hermon,6911,Relph,machine,M,31,game
Carlie,6106,Learman,computer,F,19,swim
Glyn,6703,McCord,science,M,40,swim
Thom,1204,O Mullen,science,M,76,book
Tuckie,5030,Harral,computer,M,41,book
Anatole,3117,Shurman,machine,M,79,swim
Hershel,9668,Birtles,computer,M,90,book
Evelin,5566,Cunnane,science,M,85,run
Katya,3669,Dameisele,computer,F,30,golf
Lawton,1393,Godspeede,computer,M,72,run
Maryl,3446,Devenny,science,F,22,golf
Shay,1928,Marjoribanks,machine,M,10,swim
Wake,6073,Valentim,machine,M,51,run
Corabel,8750,Everett,machine,F,15,golf
Odo,4408,Kernermann,computer,M,69,swim
Patten,8285,Enrietto,machine,M,79,golf
Matty,9176,Larkings,science,M,37,book
Nadine,9275,Chansonne,machine,F,95,game
Sherlock,9677,Liell,computer,M,72,swim
Bryon,9766,Gemnett,computer,M,45,run
Dulcia,3418,Magill,machine,F,98,golf
Gram,6331,McLukie,science,M,3,run
Abramo,3398,Lotherington,machine,M,54,golf
Hansiain,6669,Bloy,science,M,33,run
Bartie,9649,MacNeill,machine,M,2,swim
Elsinore,2285,Mounfield,machine,F,83,book
Charlene,1103,Lightwing,machine,F,31,run
Carlo,5496,Najera,science,M,24,swim
Napoleon,9253,Greenroad,machine,M,91,run
Hubey,3624,Whorlton,machine,M,96,book
Mickie,4580,Arndt,science,F,32,swim
Arlette,7174,Auchterlony,computer,F,81,golf
Valentia,4547,Dicte,computer,F,94,golf
Carney,8234,Furley,computer,M,1,golf
Dougy,8149,Broadis,machine,M,1,swim
Chester,4853,Reddecliffe,machine,M,39,game
Auberon,1481,Shelmerdine,science,M,78,swim
Imojean,3650,Cardinale,computer,F,51,swim
Bessie,7230,Lundberg,science,F,24,game
Pen,6356,Foyle,science,F,10,run
Florentia,6898,Lehrian,machine,F,60,run
Gabrielle,2780,Smardon,machine,F,14,run
Mira,6364,Ketteringham,machine,F,82,run
Elvira,5561,Bispham,machine,F,74,golf
Brooke,6053,Feathersby,computer,M,81,book
Rube,8611,Ellen,machine,M,55,swim
Olvan,4071,Bogey,computer,M,94,swim
Dev,9377,Messam,machine,M,82,swim
Garey,5936,Sabattier,computer,M,78,book
Gavrielle,7094,Corris,science,F,66,golf
Griffith,2785,Brady,computer,M,95,book
Claybourne,6725,Cloonan,machine,M,100,book
Robinet,9146,Richichi,machine,F,47,book
Mel,7415,Radcliffe,computer,M,92,book
Shelby,3967,Mullan,machine,F,81,book
Michel,2224,Tommasetti,machine,M,61,run
Horst,2389,Bettis,science,M,62,swim
Whitby,8927,Farge,machine,M,52,game
Abra,1253,Soppett,machine,F,70,game
Carly,5133,Redan,science,F,66,golf
Demetrius,9888,Parkinson,machine,M,26,golf
Pen,8556,Areles,machine,M,22,game
Ag,5130,Mickan,machine,F,74,run
Evin,6221,Piotr,science,M,55,book
Luigi,2752,Buyers,science,M,45,golf
Alfy,5321,Pickervance,machine,F,99,book
Clair,7278,McKeevers,science,F,41,golf
Eileen,9291,O'Henehan,computer,F,100,golf
Emelyne,6178,Eveleigh,machine,F,66,run
Violet,8412,Boshers,machine,F,88,swim
Mirella,3941,Conley,machine,F,49,golf
Marjie,6284,Fussen,machine,F,60,swim
Roobbie,4805,Landsborough,machine,F,30,golf
Lew,7504,Guerro,computer,M,72,swim
Paulita,4136,Woolnough,machine,F,1,book
Kathlin,9437,Cheley,science,F,33,game
Yehudit,8377,Shurey,computer,M,40,golf
Antoinette,7571,Callcott,machine,F,59,game
Emalee,7064,Gallyhaock,computer,F,87,book
Katerina,2776,Hatwell,machine,F,4,swim
Jenny,8548,Caudrey,computer,F,27,game
Arlina,8736,Clausson,science,F,8,swim
Myrwyn,9010,Aleksandrov,machine,M,35,golf
Niki,3769,Worssam,science,M,30,golf
Theodoric,5475,Nichol,science,M,70,golf
Marge,1079,Skidmore,science,F,17,game
Wilfred,5801,Watt,machine,M,90,swim
Reine,7893,Kingdon,science,F,98,golf
Olly,7342,Pyecroft,science,M,94,golf
Pebrook,4390,Skinner,computer,M,12,book
Quincey,5158,Grassin,science,M,71,book
Glendon,8465,McMains,machine,M,39,swim
Callie,4986,Derye-Barrett,science,F,86,run
Bili,2803,Beau,science,F,92,swim
Sunny,3183,Grundwater,machine,M,100,game
Minnnie,8692,Boddymead,machine,F,4,golf
Kerry,6246,Alasdair,machine,M,72,game
Hetty,4914,Dorbin,machine,F,78,book
Lorain,5613,Degue,science,F,70,game
Winny,5973,Pettisall,computer,M,80,golf
Cristin,1695,Itzhayek,machine,F,77,game
Ferdinand,7560,La Croce,science,M,15,swim
Cathrine,9761,Lockhart,computer,F,19,book
Dorothy,2319,Creavan,machine,F,39,book
Rozanna,3888,Gerry,computer,F,63,game
Irwin,4894,Stower,machine,M,27,book
Afton,4952,Edeson,machine,F,69,golf
Candice,1577,Schapiro,machine,F,33,golf
Terri,8921,Mont,machine,F,46,book
Miltie,9476,Spreull,machine,M,60,run
Ethel,6965,Veazey,machine,F,70,game
Anissa,4607,Harburtson,machine,F,55,run
Rycca,2152,Cunnow,computer,F,59,book
Jan,8194,Skeen,science,F,39,run
Sigfrid,6484,Puckinghorne,computer,M,88,swim
Townie,1707,Biaggioli,machine,M,56,game
Ewan,8350,McVicar,computer,M,100,run
Damara,1475,O' Borne,machine,F,6,swim
Arlene,2289,Stive,computer,F,22,swim
Abdul,5289,Dufty,machine,M,63,game
Joachim,1476,Krysztowczyk,machine,M,70,game
Jolene,3104,Cully,machine,F,72,golf
Welsh,2683,Vanderson,science,M,12,swim
Jarvis,2436,O'Driscoll,science,M,94,golf
Eliot,7833,Stammer,machine,M,82,game
Myrle,5547,Gromley,science,F,69,golf
Gwen,4102,Tuftin,machine,F,37,swim
Ramsay,5284,Owain,science,M,50,game
Husein,6499,Cardon,machine,M,76,swim
Chrysler,2200,Hiland,machine,F,100,run
Ruby,3532,Nizet,science,M,1,game
Robby,6135,Stennard,machine,M,68,run
Gaile,1003,Lagadu,machine,M,17,golf
Kristyn,7886,Sebrook,machine,F,18,book
Briano,8064,August,computer,M,92,swim
Berk,2909,Ketteman,science,M,5,swim
Joelly,4047,Gibbon,computer,F,35,golf
Giovanna,7423,Gotch,machine,F,8,run
Aland,2266,Skae,science,M,32,book
Sheri,4414,Munby,machine,F,58,golf
Danette,6562,Gambles,computer,F,79,game
Bonnee,4964,McCambridge,machine,F,42,swim
Marmaduke,4803,Reignolds,machine,M,53,book
Coraline,8888,Whimpenny,science,F,94,game
Lydon,6315,Levecque,computer,M,44,golf
Adolf,3033,Hyrons,machine,M,84,book
Darill,9370,Raxworthy,machine,M,66,swim
Aubrey,4914,Stute,machine,M,32,golf
Hurlee,1699,Helmke,machine,M,18,swim
Donielle,3394,Shitliff,computer,F,78,game
Ilario,3698,Sides,machine,M,9,game
Marten,7042,Pickett,computer,M,81,book
Sharl,2385,Mardle,machine,F,65,run
Philomena,1195,Barhams,science,F,66,book
Alia,2903,Folli,computer,F,5,book
Andrei,3256,Janaud,computer,F,12,swim
Hamish,8066,Eminson,science,M,19,golf
Laurena,3056,Coggin,science,F,7,book
Sheri,7658,Kerin,computer,F,61,run
Verile,2585,Connold,computer,F,94,golf
Fonz,7943,Slocom,machine,M,96,run
Dyann,2407,Ibert,science,F,24,run
Aloin,5808,Robbe,science,M,43,golf
Beau,9148,Walbrook,computer,M,99,run
Anthony,3553,McCulley,science,M,55,swim
Hadrian,4102,Dennehy,science,M,46,golf
Homerus,5038,Weall,computer,M,58,game
Elvyn,5618,Hoodlass,computer,M,23,run
Kellby,9869,Redholes,machine,M,81,golf
Ruttger,7840,Hindenberger,machine,M,34,book
Shannen,8828,Larciere,computer,F,58,swim
Jareb,9876,Philcox,science,M,18,golf
Hill,6278,Kauscher,machine,M,57,swim
Nedda,7899,Schleswig-Holstein,machine,F,47,game
Valentijn,3480,Clay,machine,M,72,game
Jackson,3432,Schachter,science,M,30,book
Joanna,7917,Scrancher,computer,F,15,game
Alard,8061,Giacopetti,science,M,89,book
See,3651,Clapston,computer,M,42,run
Royall,3286,Depke,computer,M,45,game
Norton,2241,Iacovacci,computer,M,66,run
Reggie,9310,Placstone,computer,M,71,golf
Pietro,5040,Clitsome,computer,M,89,swim
Tremaine,6067,Jaynes,machine,M,64,book
Willi,5731,Enright,machine,M,15,game
Chico,2615,Giamo,science,M,59,golf
Klemens,7940,Hawket,science,M,20,book
Grant,4144,De Bruijn,computer,M,50,book
Dare,3051,Legate,machine,M,66,swim
Inna,2644,Culverhouse,science,F,47,book
Blondie,2642,Melrose,computer,F,29,run
Myca,1381,Berfoot,computer,M,99,run
Delcina,8002,Everall,machine,F,68,book
Mellisent,4264,Camies,science,F,78,game
Pinchas,8484,Hilley,science,M,62,book
Kerr,3310,Potebury,machine,M,24,book
Krishnah,1389,Stegell,machine,M,9,swim
Dore,2801,Rowler,machine,F,64,game
Niall,1835,Kelle,computer,M,55,run
Dot,3649,Crafts,science,F,96,book
Levey,8229,Wakely,machine,M,84,run
Alice,3365,Scates,computer,F,47,book
Caitlin,8291,Yoell,computer,F,21,game
Merl,2121,Audibert,science,F,42,run
Maggie,8120,Shardlow,computer,F,40,run
Gearalt,1719,Rickert,machine,M,73,golf
Gabriella,6607,Bernardeau,science,F,8,book
Corrianne,3287,Stampfer,machine,F,73,swim
Reeba,5924,Fidgeon,computer,F,31,book
Gaston,6211,Hubbis,science,M,23,book
Tomas,8303,Thorneywork,science,M,53,run
Sybille,4648,Strange,machine,F,81,game
Jacobo,3268,Eastman,machine,M,60,swim
Kellie,8057,Scamerdine,science,F,29,book
Steffi,2995,Henmarsh,computer,F,68,golf
Diahann,7708,Hooke,science,F,3,swim
Roxana,2208,Gebb,science,F,68,golf
Babb,3290,Oleksiak,machine,F,38,run
Donn,1277,Jinkins,computer,M,36,golf
Asa,8512,Limmer,machine,M,40,golf
Hanson,9227,Cominello,science,M,76,golf
Porty,7932,Conway,science,M,93,book
Mavra,5959,Warlowe,machine,F,77,golf
Der,2819,Littley,machine,M,67,game
Lynn,6834,Ply,machine,F,75,swim
Karel,4493,Sandeson,machine,F,60,run
Demetrius,9974,Durram,machine,M,71,game
Tybalt,8656,Blaber,machine,M,63,golf
Nicolina,6242,Samper,computer,F,3,game
Siobhan,6852,Kardos,machine,F,98,run
Peggy,9779,Batiste,machine,F,5,run
Matteo,9212,Brant,machine,M,81,golf
Kathrine,7628,Clarabut,computer,F,20,run
Dre,9052,Dyzart,machine,F,91,swim
Yasmin,8380,Carse,machine,F,52,book
Dom,2707,Skelding,machine,M,54,book
Melany,2391,Limerick,computer,F,39,game
Lindi,9901,Portinari,computer,F,65,game
Jania,9812,Adrienne,science,F,80,swim
Lou,1589,Drummer,science,F,11,swim
Jules,4125,Jewell,computer,M,54,swim
Grover,4250,Tremelling,machine,M,82,game
Berk,3698,Sings,machine,M,96,golf
Stesha,1186,Searight,computer,F,44,book
Carmine,6137,Brecknall,science,F,9,golf
Janel,9175,Castelow,machine,F,44,swim
Margaret,2552,O'Fearguise,computer,F,72,swim
Giordano,6140,Crossman,computer,M,99,book
Lynelle,1759,Buye,computer,F,44,book
Roi,3030,Savatier,machine,M,16,run
Katharina,5470,Savery,computer,F,54,run
Michal,4655,Bines,computer,M,54,run
Mervin,2406,Raselles,machine,M,9,swim
Haily,2108,Scholes,science,M,83,book
Suzi,5542,Dussy,machine,F,38,book
Garv,9411,Urling,machine,M,19,book
Colan,4083,Kasman,machine,M,48,swim
Buddy,8610,Cassedy,machine,M,20,run
Damien,6529,Hablot,machine,M,37,run
Lorna,6018,Kisting,machine,F,82,game
Giffer,4232,Chesser,computer,M,38,book
Giulio,7273,Doniso,science,M,2,run
Aurelea,8472,Cassells,machine,F,45,golf
Diahann,9375,Stenner,science,F,52,golf
Jenifer,3636,Wilshire,computer,F,41,swim
Gianina,9626,Darke,science,F,53,swim
Hilde,8320,Cossam,science,F,13,book
Frederik,5173,Rowcliffe,machine,M,94,book
Helli,6070,Sarvar,machine,F,26,golf
Bettina,6356,Oganesian,science,F,24,run
Allyce,6325,Kennedy,computer,F,31,book
Alberto,2847,Velez,science,M,89,swim
Ferdinanda,3985,Poile,machine,F,71,golf
Schuyler,7502,Raymen,machine,M,23,golf
Dewey,8707,Gillian,science,M,76,golf
Dorree,1504,Roberds,computer,F,73,golf
Taddeusz,6835,Perl,machine,M,82,book
Cosimo,8548,Frere,science,M,37,swim
Ingrim,6217,Jobson,machine,M,78,book
Ethelred,8156,Charrisson,computer,M,4,run
Quintina,1560,Boriston,machine,F,72,golf
Bret,4428,Kemer,computer,M,34,run
Rad,4479,Fathers,computer,M,55,run
Brien,6337,Barock,machine,M,77,book
Drusilla,5711,Flynn,computer,F,9,game
Lynn,3699,Lippett,computer,F,44,game
Ardyce,8432,Stanislaw,machine,F,58,run
Ludovika,1849,MacChaell,machine,F,83,game
Millie,2259,Gurling,computer,F,4,run
Dionis,7373,Cattemull,computer,F,96,golf
Kirby,9004,Beininck,science,F,75,golf
Bridget,5011,Ellison,machine,F,61,swim
Burlie,4532,Sterte,machine,M,81,swim
Gavan,9799,Joire,machine,M,36,swim
Waylen,4714,Pinnocke,science,M,68,game
Vinny,2361,Harower,machine,F,86,book
Eartha,4329,Losseljong,machine,F,71,golf
Michelle,9557,Colloby,machine,F,38,book
Sula,3389,Sains,machine,F,37,run
Tish,2651,Brawley,machine,F,21,game
Erwin,2592,Bonnett,science,M,15,swim
Nicolas,7337,Berwick,science,M,28,golf
Donny,2687,Barribal,science,F,32,swim
Fitzgerald,6050,Chadwick,machine,M,99,game
Leanna,6659,Gasticke,computer,F,100,swim
Calla,6207,Locarno,science,F,57,swim
Jody,4723,Pourvoieur,machine,M,51,game
Skip,6985,Bickerstaffe,science,M,29,game
Ollie,5146,Street,science,M,21,book
Trula,3638,Izaks,computer,F,75,golf
Trev,1557,Sayse,science,M,13,run
Alessandra,4927,Light,science,F,15,golf
Quintilla,4031,Harlow,machine,F,90,book
Tucker,2485,Geroldini,science,M,92,swim
Con,2626,Lambswood,computer,M,83,run
Reinaldo,8134,Sewill,computer,M,77,game
Breena,5902,MacCrachen,machine,F,28,golf
Gregoire,5104,Spalls,machine,M,6,book
Ruddy,2562,Buttfield,computer,M,68,golf
Isa,5911,Zapata,computer,M,16,game
Hoebart,4936,Skipsey,science,M,10,book
Odette,5032,Jaime,machine,F,2,golf
Nannie,8996,Jeckell,science,F,88,swim
Towney,9288,Lanchbury,machine,M,75,golf
Herb,5857,Enos,science,M,36,run
Sibeal,6831,Deeman,computer,F,90,book
Kiah,8487,Bubbings,machine,F,59,run
Jada,3690,Schiementz,computer,F,79,run
Evie,8312,Bynold,machine,F,24,golf
Cletus,1148,Phillis,science,M,23,run
Armstrong,2803,Poynton,machine,M,95,run
Othella,9414,Winsom,computer,F,15,book
Freida,9725,Lempke,machine,F,21,book
Gilberte,2221,Stoffers,computer,F,29,swim
Sayres,4039,Matteuzzi,machine,M,97,game
Bordie,2614,Spyer,machine,M,56,run
Chaim,6504,Menaul,machine,M,57,game
Ly,7668,Antczak,science,M,19,run
Mignonne,1100,Rahlof,machine,F,16,game
Arline,9290,Jeannon,machine,F,22,swim
Mattie,1977,Pele,machine,F,88,game
Carmel,6432,Brandi,machine,F,20,run
Corrine,6083,Chattelaine,computer,F,84,golf
Doug,9522,Bengough,machine,M,62,run
Mildrid,5295,Ungerechts,science,F,52,swim
Lori,5154,Outram,machine,F,94,golf
Tally,2321,Baxstar,machine,F,9,swim
Freda,2434,Britch,science,F,17,run
Lorenzo,1695,Povey,machine,M,56,game
Rafaello,1184,Figgen,machine,M,68,run
Nevile,1570,Fogg,machine,M,28,swim
Aldwin,9058,Abbitt,machine,M,71,run
Datha,9155,Robeson,machine,F,96,book
Shelby,1887,Tullett,science,M,63,run
Pietra,2864,Nulty,science,F,44,swim
Timothee,6620,Younglove,machine,M,83,golf
Judye,1097,McGahy,machine,F,48,run
Kit,7419,Maltster,machine,M,41,golf
Florina,8728,Lantuff,machine,F,84,book
Bartolomeo,3387,Jocic,machine,M,83,game
Far,8764,Kamien,science,M,36,book
Lincoln,9777,McGeachie,computer,M,18,swim
Simone,8745,Rewcastle,science,F,88,book
Nanon,5876,O'Downe,computer,F,51,golf
Meredith,8499,Borrell,machine,F,34,swim
Mimi,8728,Dochon,machine,F,23,run
Merv,3047,Allcroft,computer,M,25,game
Nickey,1821,Stephen,computer,M,50,golf
Marlane,3003,Cobain,machine,F,25,book
Mauricio,4933,Rigbye,machine,M,71,game
Winna,4082,Tomaschke,machine,F,40,golf
Sidnee,9307,Maren,machine,M,80,golf
Krystal,1069,Ritchley,machine,F,48,run
Sergent,4415,Gaukroger,computer,M,73,game
Sal,8213,Vanyushkin,computer,M,15,run
Alfredo,9670,Bengtson,machine,M,27,run
Cesare,8866,Acey,computer,M,3,golf
Arvin,8003,Leafe,machine,M,50,golf
Brinna,7961,Barbier,science,F,1,golf
Thomasa,8128,Straffon,machine,F,55,game
