no,name,school,gender,grade,kor,eng,math,sw
1,Carling,구로고,Male,2,96,50,54,""
2,Hally,단지고,Female,2,92,57,88,Java
3,Earl,디지털고,Male,2,89,82,61,javascript
4,Tracee,디지털고,Female,4,67,86,73,""
5,Laural,단지고,Female,4,60,82,81,Java
6,Fredericka,구로고,Female,4,70,80,62,C
7,Percival,디지털고,Male,2,96,96,66,C
8,Tiffanie,디지털고,Female,1,76,80,69,Java
9,Sherie,단지고,Female,1,56,80,92,Java
10,Cheryl,디지털고,Female,3,61,98,51,Java
11,Grace,구로고,Male,3,55,96,83,javascript
12,Magnum,단지고,Male,3,98,67,99,C
13,Webster,디지털고,Male,2,51,67,53,python
14,Carmella,단지고,Female,3,85,52,58,Java
15,Leon,단지고,Male,3,50,99,92,""
16,Vladamir,디지털고,Male,1,96,52,97,""
17,Neely,단지고,Female,4,69,98,65,Java
18,Laurianne,디지털고,Female,1,91,96,70,javascript
19,Burgess,단지고,Male,3,63,96,64,""
20,Gene,구로고,Male,3,56,67,76,javascript
21,Sibel,디지털고,Female,1,99,80,51,Java
22,Corrie,구로고,Male,3,63,67,50,C
23,Dugald,디지털고,Male,1,55,57,84,C
24,Fair,구로고,Male,3,63,84,52,C
25,Esther,구로고,Female,3,74,93,53,""
26,Marsh,디지털고,Male,4,53,79,77,python
27,Valerye,단지고,Female,2,83,76,66,C
28,Aldon,구로고,Male,2,79,68,59,Java
29,Ekaterina,단지고,Female,3,74,68,79,python
30,Carce,구로고,Male,1,78,74,69,""
31,Twyla,단지고,Female,2,59,76,55,python
32,Keith,단지고,Male,1,77,64,64,python
33,Deborah,구로고,Female,2,89,56,58,C
34,Cassandra,구로고,Female,1,51,70,58,Java
35,Neysa,구로고,Female,1,75,61,98,javascript
36,Cathi,디지털고,Female,4,62,67,69,C
37,Tildi,구로고,Female,3,98,93,70,""
38,Chaim,디지털고,Male,2,68,57,87,python
39,Mora,단지고,Female,1,78,94,97,C
40,Roi,구로고,Male,3,83,91,85,C
41,Gilli,디지털고,Female,3,56,75,91,python
42,Jillian,단지고,Female,1,68,87,53,Java
43,Deb,단지고,Female,2,98,85,82,C
44,Sherill,단지고,Female,4,81,56,66,javascript
45,Valentijn,디지털고,Male,1,52,57,69,Java
46,Reggi,단지고,Female,4,63,86,61,""
47,Jeremias,디지털고,Male,1,75,59,62,C
48,Mariette,디지털고,Female,3,97,67,86,""
49,West,구로고,Male,3,50,60,71,C
50,Fraze,단지고,Male,4,100,64,77,javascript
51,Dal,단지고,Male,1,56,69,92,C
52,Anissa,구로고,Female,4,64,55,78,python
53,Edsel,구로고,Male,1,87,99,72,javascript
54,Audrye,구로고,Female,4,77,59,58,Java
55,Rudie,구로고,Male,4,81,96,95,C
56,Justinian,디지털고,Male,2,96,72,76,python
57,Berny,단지고,Male,4,57,95,95,Java
58,Aloise,구로고,Female,3,80,56,91,python
59,Ange,구로고,Male,3,93,58,56,""
60,Inger,단지고,Female,4,89,99,89,C
61,Ami,디지털고,Female,1,54,65,59,C
62,Erhard,구로고,Male,1,74,73,88,python
63,Ignace,디지털고,Male,4,78,78,64,""
64,Kristofer,구로고,Male,1,56,76,76,javascript
65,Elberta,단지고,Female,2,72,93,58,C
66,Sally,단지고,Female,2,70,85,79,""
67,Maureene,단지고,Female,4,81,62,68,Java
68,Hazlett,디지털고,Male,1,56,73,57,""
69,Erwin,구로고,Male,4,55,60,51,javascript
70,Madel,단지고,Female,3,99,62,59,javascript
71,Elden,단지고,Male,2,86,84,68,python
72,Cirillo,구로고,Male,1,96,71,52,C
73,Lisetta,구로고,Female,3,98,71,91,C
74,Sile,디지털고,Female,2,91,69,57,C
75,Darrel,단지고,Male,3,66,50,73,python
76,Kennan,단지고,Male,2,99,98,74,javascript
77,Maury,단지고,Male,4,100,80,86,""
78,Archaimbaud,디지털고,Male,2,75,50,83,javascript
79,Griz,단지고,Male,4,68,87,74,python
80,Valentia,디지털고,Female,2,93,98,89,C
81,Lisette,디지털고,Female,3,67,90,90,python
82,Tanya,디지털고,Female,3,61,68,58,Java
83,Teresita,구로고,Female,2,97,55,97,Java
84,Etti,구로고,Female,4,61,94,87,""
85,Cordula,구로고,Female,1,77,79,69,Java
86,Tammara,단지고,Female,1,95,88,52,python
87,Thaine,구로고,Male,3,85,89,58,C
88,Paco,단지고,Male,2,73,55,61,Java
89,Ardyth,구로고,Female,3,93,70,95,javascript
90,Loydie,구로고,Male,1,91,97,83,""
91,Isis,구로고,Female,2,86,70,63,C
92,Willetta,단지고,Female,4,59,60,83,python
93,Vivienne,디지털고,Female,2,76,50,77,Java
94,Annaliese,단지고,Female,4,61,83,52,C
95,Chrisy,단지고,Male,4,76,77,68,""
96,Melloney,디지털고,Female,2,63,59,60,javascript
97,Sandor,단지고,Male,4,53,88,98,C
98,Rudolf,단지고,Male,4,82,89,53,C
99,Coletta,디지털고,Female,1,76,86,61,javascript
100,Granthem,디지털고,Male,3,92,98,72,Java
101,Amii,디지털고,Female,2,68,93,68,Java
102,Tremain,디지털고,Male,3,75,99,89,C
103,Wadsworth,구로고,Male,3,79,63,74,python
104,Reba,디지털고,Female,4,69,93,58,Java
105,Harvey,디지털고,Male,4,50,78,68,python
106,Nina,디지털고,Female,4,92,59,66,python
107,Gisele,디지털고,Female,2,59,54,80,""
108,Raymund,디지털고,Male,4,89,86,74,""
109,Deloria,디지털고,Female,3,88,68,70,""
110,Marcelline,디지털고,Female,2,60,67,72,javascript
111,Brew,디지털고,Male,2,63,90,74,""
112,Barri,단지고,Male,1,56,87,55,Java
113,Crawford,단지고,Male,3,54,73,97,python
114,Culver,디지털고,Male,3,82,92,77,python
115,Merla,단지고,Female,1,57,95,77,C
116,Giselbert,단지고,Male,3,100,54,92,python
117,Katlin,디지털고,Female,2,83,89,100,Java
118,Ellynn,구로고,Female,1,87,84,67,Java
119,Gabriello,디지털고,Male,2,82,55,71,C
120,Edyth,단지고,Female,3,75,84,89,""
121,Sydney,구로고,Male,3,73,92,62,python
122,Corenda,단지고,Female,1,82,92,53,python
123,Jean,구로고,Female,4,60,51,69,python
124,Lorrie,디지털고,Male,4,98,81,65,python
125,Agustin,구로고,Male,3,91,50,93,""
126,Thia,디지털고,Female,3,95,81,68,C
127,Haven,단지고,Male,2,59,91,53,""
128,Morey,단지고,Male,1,97,68,87,""
129,Darby,디지털고,Male,1,72,51,57,""
130,Jaclin,단지고,Female,1,67,89,68,C
131,Fredi,단지고,Female,1,60,74,56,javascript
132,Giffie,디지털고,Male,4,88,51,86,javascript
133,Nicola,단지고,Female,4,81,53,70,Java
134,Sharlene,단지고,Female,4,98,80,95,javascript
135,Dulcie,구로고,Female,1,64,58,85,python
136,Maurizia,단지고,Female,2,78,83,56,python
137,Gabriel,디지털고,Male,4,99,76,82,C
138,Willette,디지털고,Female,1,71,58,75,javascript
139,Julio,디지털고,Male,2,70,67,61,C
140,Marjy,구로고,Female,1,66,89,95,javascript
141,Earlie,구로고,Male,4,77,84,100,python
142,Eleni,디지털고,Female,1,79,61,53,python
143,Zulema,구로고,Female,4,59,64,54,python
144,Adoree,구로고,Female,2,81,63,60,javascript
145,Cher,구로고,Female,4,74,67,83,""
146,Hope,구로고,Female,1,99,70,65,C
147,Ewart,단지고,Male,4,71,98,51,Java
148,Bridie,디지털고,Female,1,74,57,89,Java
149,Lynnett,단지고,Female,4,83,81,57,C
150,Andree,구로고,Female,2,58,93,86,python
151,Natalee,디지털고,Female,4,93,92,89,""
152,Vivyanne,구로고,Female,3,72,82,57,javascript
153,Hilde,단지고,Female,4,62,63,57,C
154,Annora,단지고,Female,1,50,85,84,Java
155,Thorn,디지털고,Male,2,70,52,79,""
156,Bald,구로고,Male,1,55,59,71,""
157,Camala,디지털고,Female,1,75,50,91,python
158,Salim,단지고,Male,4,98,91,74,python
159,Duky,구로고,Male,2,95,59,87,python
160,Consalve,디지털고,Male,2,71,64,86,python
161,Candi,단지고,Female,2,98,57,59,python
162,Noland,구로고,Male,2,61,67,81,""
163,Nicolina,단지고,Female,2,60,68,92,C
164,Guthrey,디지털고,Male,1,52,62,54,javascript
165,Miguelita,구로고,Female,1,64,76,80,python
166,Kellby,단지고,Male,1,70,91,69,""
167,Lindsay,디지털고,Male,2,80,73,50,""
168,Erhart,구로고,Male,2,68,72,68,""
169,Ole,디지털고,Male,2,80,57,90,Java
170,Carlye,단지고,Female,4,53,81,56,Java
171,Rochell,단지고,Female,4,60,89,53,""
172,Chelsae,구로고,Female,4,64,58,92,javascript
173,Orton,구로고,Male,1,61,52,68,C
174,Teriann,구로고,Female,4,89,92,78,C
175,Conn,디지털고,Male,2,77,52,98,python
176,Diannne,단지고,Female,1,100,57,98,javascript
177,Archaimbaud,단지고,Male,3,100,84,77,Java
178,Tandie,디지털고,Female,4,75,54,89,C
179,Dolli,단지고,Female,4,86,84,60,javascript
180,Davina,구로고,Female,2,78,79,67,python
181,Shirline,디지털고,Female,2,60,93,86,python
182,Jeromy,디지털고,Male,4,57,86,79,Java
183,Jerald,구로고,Male,2,87,84,94,python
184,Shurlock,구로고,Male,3,76,84,56,""
185,Sibilla,디지털고,Female,4,77,55,99,python
186,Tresa,디지털고,Female,2,88,96,100,javascript
187,Finn,단지고,Male,1,95,75,66,C
188,Cristian,디지털고,Male,3,87,72,99,C
189,Alfy,디지털고,Female,2,99,95,80,C
190,Nicolea,단지고,Female,1,90,96,66,python
191,Rockwell,단지고,Male,2,75,54,68,javascript
192,Genni,단지고,Female,1,91,91,72,C
193,Immanuel,구로고,Male,1,65,75,73,""
194,Thomasa,단지고,Female,3,80,50,88,Java
195,Persis,디지털고,Female,3,51,80,73,javascript
196,Valida,구로고,Female,3,92,53,96,""
197,Harper,단지고,Male,3,80,94,96,""
198,Ludovico,단지고,Male,3,58,74,64,Java
199,Norina,단지고,Female,4,57,65,70,javascript
200,Berke,단지고,Male,2,84,70,98,""
201,Kelsy,단지고,Female,3,90,59,99,javascript
202,Myca,단지고,Male,4,90,59,83,""
203,Teddy,단지고,Female,3,81,74,73,javascript
204,Freida,구로고,Female,2,67,50,93,javascript
205,Erny,디지털고,Male,1,100,91,66,C
206,Andi,디지털고,Female,2,70,64,99,javascript
207,Elwood,구로고,Male,2,84,97,55,python
208,Manuel,단지고,Male,1,79,67,66,python
209,Jody,단지고,Female,2,91,54,65,""
210,Jo,구로고,Female,4,73,81,100,javascript
211,Austina,구로고,Female,1,95,55,77,javascript
212,Lura,디지털고,Female,4,62,58,72,Java
213,Shirline,디지털고,Female,2,52,72,92,""
214,Cort,단지고,Male,2,75,64,63,""
215,Holmes,단지고,Male,4,96,56,96,Java
216,Casper,구로고,Male,1,69,93,92,python
217,Carleton,디지털고,Male,2,70,100,92,javascript
218,Tabb,단지고,Male,3,74,67,95,C
219,Sibelle,구로고,Female,2,100,98,73,Java
220,Fawn,구로고,Female,2,89,93,52,C
221,Ketti,단지고,Female,2,61,68,76,javascript
222,Olly,구로고,Male,3,58,84,57,""
223,Friedrich,디지털고,Male,3,76,61,69,""
224,Lynett,구로고,Female,3,68,73,81,Java
225,Thane,단지고,Male,1,85,68,65,C
226,Mead,구로고,Female,3,61,65,82,""
227,Thain,단지고,Male,3,88,74,78,python
228,Rudolph,구로고,Male,3,72,85,90,Java
229,Shel,단지고,Female,1,52,82,71,Java
230,Merrili,구로고,Female,3,51,53,85,javascript
231,Jeffry,디지털고,Male,2,85,50,97,C
232,Shellysheldon,구로고,Male,1,70,87,52,""
233,Maire,구로고,Female,2,94,64,87,""
234,Keene,디지털고,Male,3,66,67,75,C
235,Micheal,디지털고,Male,1,88,50,73,python
236,Johnette,단지고,Female,3,91,71,66,""
237,Davey,디지털고,Male,3,68,99,51,python
238,Casie,구로고,Female,2,70,84,62,python
239,Toby,단지고,Female,2,72,83,85,C
240,Roch,디지털고,Female,3,75,99,99,C
241,Garth,단지고,Male,3,86,87,84,C
242,Jodi,단지고,Male,2,84,79,65,C
243,Henry,구로고,Male,4,59,65,90,Java
244,Edeline,단지고,Female,2,61,94,54,javascript
245,Elsey,단지고,Female,4,75,51,52,Java
246,Bellanca,디지털고,Female,1,80,71,100,""
247,Melli,구로고,Female,2,71,53,57,javascript
248,Vita,디지털고,Female,1,76,88,100,""
249,Will,디지털고,Male,1,92,75,55,Java
250,Julie,구로고,Male,1,100,78,92,""
251,Finlay,단지고,Male,4,55,78,87,Java
252,Olia,디지털고,Female,1,99,77,97,python
253,Lise,구로고,Female,2,95,56,84,python
254,Rorie,구로고,Female,3,91,93,95,C
255,Rozanna,디지털고,Female,4,65,55,61,C
256,Gael,단지고,Male,3,68,71,67,javascript
257,Britte,디지털고,Female,1,86,63,67,javascript
258,Burtie,디지털고,Male,3,71,93,94,python
259,Celle,구로고,Female,3,84,60,58,Java
260,Linzy,구로고,Female,1,70,55,60,C
261,Kizzee,디지털고,Female,4,77,70,63,Java
262,Baxie,단지고,Male,2,91,99,93,javascript
263,Tymothy,단지고,Male,3,96,59,93,""
264,Pooh,단지고,Female,2,91,70,93,javascript
265,Carver,구로고,Male,4,54,62,55,""
266,Jerri,디지털고,Male,1,52,66,80,javascript
267,Gabi,디지털고,Female,4,68,84,90,Java
268,Merrile,구로고,Female,2,91,52,86,javascript
269,Garreth,단지고,Male,1,91,66,96,Java
270,Aloise,단지고,Female,1,65,89,61,python
271,Jobyna,단지고,Female,3,64,96,59,C
272,Lanny,디지털고,Male,3,76,83,61,C
273,Tony,디지털고,Male,3,89,52,79,python
274,Mabelle,디지털고,Female,4,54,65,60,Java
275,Sullivan,디지털고,Male,4,98,61,50,Java
276,Pearla,디지털고,Female,3,91,51,79,python
277,Clarence,구로고,Male,2,73,96,64,""
278,Ulick,구로고,Male,1,84,76,58,javascript
279,Nerita,구로고,Female,3,91,87,80,python
280,Avivah,구로고,Female,3,71,97,51,javascript
281,May,구로고,Female,2,64,63,69,""
282,Greggory,디지털고,Male,3,93,50,61,python
283,Ulrich,디지털고,Male,1,70,95,69,python
284,Gunter,단지고,Male,3,63,82,98,C
285,Eleanora,단지고,Female,2,96,52,64,python
286,Budd,구로고,Male,2,95,91,62,python
287,Sharia,단지고,Female,4,79,86,62,javascript
288,Chloris,구로고,Female,2,77,82,78,""
289,Bernadina,구로고,Female,4,64,75,50,""
290,Bellina,단지고,Female,3,57,64,55,Java
291,Audie,디지털고,Female,1,72,55,66,javascript
292,Oliy,단지고,Female,2,50,93,76,C
293,Burk,디지털고,Male,1,80,95,80,javascript
294,Sherie,구로고,Female,1,58,85,52,Java
295,Ewen,디지털고,Male,1,51,72,74,""
296,Corena,디지털고,Female,3,66,99,99,Java
297,Berkie,단지고,Male,3,91,70,98,javascript
298,Felicdad,구로고,Female,3,69,74,65,C
299,Solly,디지털고,Male,2,63,84,98,javascript
300,Vic,디지털고,Male,2,60,58,80,Java
301,Leeland,디지털고,Male,3,95,87,56,python
302,Cordie,단지고,Female,2,99,93,77,javascript
303,Alaster,구로고,Male,1,57,93,62,""
304,Luise,디지털고,Female,1,94,88,73,python
305,Filippa,단지고,Female,3,95,61,55,Java
306,Kim,구로고,Male,1,51,76,63,""
307,Hughie,구로고,Male,1,77,70,56,C
308,Rubia,디지털고,Female,4,75,74,99,python
309,Elsie,구로고,Female,3,63,83,69,C
310,Jehu,구로고,Male,3,54,91,83,Java
311,Mathias,디지털고,Male,4,76,51,52,python
312,Dannel,구로고,Male,3,80,78,79,python
313,Velvet,단지고,Female,4,97,56,95,python
314,Giuseppe,구로고,Male,4,54,61,83,""
315,Obed,단지고,Male,4,89,59,50,C
316,Khalil,디지털고,Male,1,74,79,71,""
317,Dyanna,구로고,Female,1,65,89,71,C
318,Kat,단지고,Female,2,80,75,75,Java
319,Cly,구로고,Male,3,67,93,56,javascript
320,Tatiania,단지고,Female,4,66,74,86,python
321,Crichton,디지털고,Male,2,83,64,98,javascript
322,Staford,디지털고,Male,4,54,73,81,Java
323,Darlene,단지고,Female,2,63,87,61,C
324,Lisbeth,구로고,Female,1,73,91,98,C
325,Kaleena,구로고,Female,4,61,63,84,javascript
326,Renate,디지털고,Female,1,67,58,79,""
327,Marylynne,디지털고,Female,2,57,72,68,C
328,Briana,구로고,Female,4,62,64,63,python
329,Gerik,디지털고,Male,2,75,55,67,C
330,Danni,구로고,Female,2,54,91,77,""
331,Alix,단지고,Male,2,80,68,74,""
332,Deina,디지털고,Female,1,67,56,73,C
333,Joseito,구로고,Male,2,68,99,83,C
334,Claudio,디지털고,Male,4,96,89,91,Java
335,Bibby,구로고,Female,1,97,100,84,javascript
336,Mitch,단지고,Male,1,52,72,60,C
337,Keen,구로고,Male,2,92,77,59,""
338,Annamarie,단지고,Female,4,70,87,53,javascript
339,Angus,구로고,Male,2,77,69,54,Java
340,Retha,단지고,Female,1,75,96,57,Java
341,Hamil,단지고,Male,2,76,63,51,C
342,Waly,구로고,Female,1,59,94,62,C
343,Jamey,구로고,Male,1,90,80,73,Java
344,Bethanne,단지고,Female,1,92,78,92,Java
345,Magnum,디지털고,Male,3,64,90,66,Java
346,Geralda,구로고,Female,2,79,84,76,""
347,Talia,디지털고,Female,2,70,54,100,Java
348,Letizia,단지고,Female,1,89,85,94,javascript
349,Josephina,구로고,Female,2,76,79,78,javascript
350,Ki,디지털고,Female,2,64,76,83,javascript
351,Shermie,디지털고,Male,4,52,78,70,python
352,Elmira,디지털고,Female,4,98,52,85,""
353,Arliene,디지털고,Female,3,80,100,68,javascript
354,Lucienne,디지털고,Female,2,65,81,86,C
355,Latisha,구로고,Female,1,64,69,74,""
356,Dal,구로고,Male,1,93,71,100,Java
357,Barbabas,구로고,Male,3,86,58,93,C
358,Chick,단지고,Male,2,71,79,88,""
359,Rozanne,디지털고,Female,3,89,99,61,javascript
360,Codie,구로고,Male,2,84,92,61,""
361,Brandise,구로고,Female,1,72,56,100,Java
362,Sascha,단지고,Female,1,97,92,88,""
363,Rogerio,디지털고,Male,2,53,83,69,Java
364,Fawne,디지털고,Female,4,79,85,88,C
365,Birch,단지고,Male,1,76,98,75,Java
366,Rochette,디지털고,Female,1,87,76,82,C
367,Northrup,단지고,Male,4,56,83,78,""
368,Man,단지고,Male,4,89,97,75,Java
369,Leonora,구로고,Female,2,78,62,79,Java
370,Arney,단지고,Male,3,96,68,68,javascript
371,Lilla,구로고,Female,4,85,83,58,""
372,Tisha,디지털고,Female,1,52,68,84,C
373,Tabbatha,단지고,Female,2,96,94,77,C
374,Merna,디지털고,Female,2,70,95,99,C
375,Dodie,단지고,Female,4,64,60,63,Java
376,Lester,구로고,Male,4,86,99,95,python
377,Valentino,구로고,Male,3,72,64,79,javascript
378,Marlie,구로고,Female,2,71,69,91,Java
379,Erek,구로고,Male,2,54,69,67,javascript
380,Addy,디지털고,Male,1,71,78,94,python
381,Roley,구로고,Male,2,90,51,54,Java
382,Quintin,단지고,Male,1,66,86,90,""
383,Corry,구로고,Female,1,91,83,91,Java
384,Shurlocke,단지고,Male,4,73,79,66,Java
385,Gigi,디지털고,Female,3,96,76,62,C
386,Mason,구로고,Male,1,65,89,96,javascript
387,Conn,구로고,Male,4,77,85,90,javascript
388,Torrance,구로고,Male,3,76,75,56,Java
389,Jaymee,디지털고,Female,4,52,66,70,Java
390,Barbee,구로고,Female,3,78,76,84,python
391,Leigh,구로고,Male,1,75,54,65,javascript
392,Ulick,디지털고,Male,2,100,57,56,C
393,Thaddeus,단지고,Male,2,88,94,66,Java
394,Luciana,구로고,Female,2,51,99,69,C
395,Sara,단지고,Female,3,95,57,58,python
396,Raff,구로고,Male,3,62,83,63,python
397,Lorrin,단지고,Female,3,61,87,79,C
398,Stephen,구로고,Male,2,71,78,95,C
399,Karin,단지고,Female,3,87,71,99,""
400,Gerald,단지고,Male,1,64,77,55,C
401,Josy,단지고,Female,2,73,92,70,""
402,Perice,단지고,Male,2,55,97,89,python
403,Essie,디지털고,Female,1,99,95,55,C
404,Barnabe,디지털고,Male,4,69,53,67,javascript
405,Read,구로고,Male,2,82,82,89,""
406,Aubree,구로고,Female,1,88,66,66,C
407,Imogene,단지고,Female,2,92,65,74,""
408,Bink,디지털고,Male,1,93,80,70,C
409,Chrystel,단지고,Female,1,77,92,62,javascript
410,Frederic,디지털고,Male,4,88,82,92,javascript
411,Mufi,단지고,Female,1,81,82,100,javascript
412,Corby,디지털고,Male,1,55,79,66,javascript
413,Lavinia,구로고,Female,2,69,80,72,C
414,Wat,단지고,Male,2,61,91,66,C
415,Fidel,단지고,Male,1,54,57,59,Java
416,Llewellyn,디지털고,Male,3,97,71,63,""
417,Gertie,구로고,Female,3,57,75,80,javascript
418,Hershel,구로고,Male,4,63,84,58,C
419,Anna-diane,디지털고,Female,4,89,89,96,C
420,Hendrika,단지고,Female,2,91,93,81,Java
421,Ulla,구로고,Female,3,82,81,92,python
422,Whitman,구로고,Male,3,58,93,80,""
423,Helli,구로고,Female,4,83,72,85,python
424,Ephrayim,디지털고,Male,3,99,68,71,Java
425,Erek,단지고,Male,3,67,73,56,Java
426,Reilly,구로고,Male,3,77,97,59,Java
427,Ofilia,디지털고,Female,1,50,62,77,Java
428,Dot,구로고,Female,2,85,56,97,python
429,Bud,구로고,Male,3,81,93,89,Java
430,Kariotta,단지고,Female,1,72,88,61,Java
431,Heloise,단지고,Female,3,60,78,78,""
432,Darda,구로고,Female,4,67,74,59,javascript
433,Salvador,구로고,Male,3,77,64,66,javascript
434,Rem,디지털고,Male,3,96,81,87,Java
435,Clyde,구로고,Male,2,89,73,96,python
436,Christean,구로고,Female,4,84,80,71,Java
437,Melisse,단지고,Female,2,98,82,51,python
438,Rad,단지고,Male,1,93,54,71,javascript
439,Shanie,단지고,Female,4,51,82,52,python
440,Jerrilyn,디지털고,Female,4,80,92,63,Java
441,Arch,단지고,Male,2,98,53,83,Java
442,Velma,구로고,Female,4,55,52,78,javascript
443,Jamie,단지고,Female,2,90,66,95,""
444,Charlena,디지털고,Female,1,62,79,77,C
445,Karlyn,디지털고,Female,1,54,55,99,Java
446,Berkie,디지털고,Male,3,77,60,77,python
447,Finlay,단지고,Male,4,90,77,57,""
448,Budd,구로고,Male,1,74,52,61,python
449,Gerhardt,단지고,Male,3,67,59,94,python
450,Quent,디지털고,Male,1,84,98,55,python
451,Harper,단지고,Male,2,57,52,81,""
452,Zebulen,디지털고,Male,4,94,69,100,C
453,Kelwin,구로고,Male,2,93,92,52,javascript
454,Johnny,구로고,Male,1,77,84,62,Java
455,Dani,디지털고,Female,1,57,68,50,python
456,Jayson,단지고,Male,3,57,83,66,javascript
457,Sandy,디지털고,Male,1,75,97,83,Java
458,Kristen,디지털고,Female,2,74,71,51,javascript
459,Timoteo,구로고,Male,3,64,53,93,Java
460,Kelby,디지털고,Male,4,65,50,67,""
461,Rupert,디지털고,Male,1,66,62,77,javascript
462,Thorndike,디지털고,Male,3,79,95,56,Java
463,Brandon,디지털고,Male,1,59,51,57,""
464,Bobine,단지고,Female,1,100,62,64,C
465,Horst,단지고,Male,2,53,90,98,Java
466,Dione,구로고,Female,4,73,64,96,javascript
467,Nonnah,디지털고,Female,2,78,94,97,""
468,Katherina,단지고,Female,3,95,62,92,javascript
469,Barn,디지털고,Male,3,76,86,90,javascript
470,Catherin,구로고,Female,1,63,82,76,javascript
471,Bea,구로고,Female,2,88,52,72,C
472,Patricio,디지털고,Male,1,97,82,66,python
473,Tamiko,구로고,Female,1,62,68,99,javascript
474,Sidnee,디지털고,Male,4,100,95,99,python
475,Barnett,디지털고,Male,4,54,96,67,""
476,Meyer,단지고,Male,3,91,70,76,""
477,Donavon,구로고,Male,2,99,84,80,Java
478,Tripp,단지고,Male,4,92,88,62,python
479,Darby,구로고,Male,2,87,67,91,""
480,Ezra,디지털고,Male,1,69,83,77,""
481,Teador,구로고,Male,1,92,92,75,javascript
482,Ulrich,구로고,Male,4,61,95,91,python
483,Richart,구로고,Male,1,83,79,81,""
484,Madelaine,단지고,Female,3,73,51,92,C
485,Reider,디지털고,Male,4,99,74,95,""
486,Yvor,구로고,Male,3,55,53,95,javascript
487,Hadria,구로고,Female,4,90,96,79,""
488,Torey,구로고,Male,1,83,84,88,""
489,Kim,디지털고,Male,1,58,66,81,""
490,Petronella,단지고,Female,4,59,62,75,""
491,Neron,구로고,Male,3,89,68,100,javascript
492,Ernest,단지고,Male,2,79,92,76,C
493,Humfrid,디지털고,Male,3,64,79,80,""
494,Max,단지고,Female,2,58,92,69,""
495,Kristy,단지고,Female,3,62,85,58,javascript
496,Jared,단지고,Male,3,84,57,53,""
497,Tabby,구로고,Female,3,93,69,93,python
498,Elysha,구로고,Female,1,55,82,98,Java
499,Kate,구로고,Female,4,58,91,90,C
500,Orv,구로고,Male,4,98,60,74,C
501,Clarissa,디지털고,Female,1,70,85,100,""
502,Kinny,디지털고,Male,3,59,54,72,""
503,Frederica,구로고,Female,1,61,60,96,python
504,Heath,구로고,Male,3,87,76,63,javascript
505,Isa,구로고,Female,3,73,72,99,C
506,Braden,구로고,Male,2,99,70,52,C
507,Brenden,디지털고,Male,4,94,80,59,python
508,Tracy,구로고,Male,1,62,52,63,C
509,Vincenz,구로고,Male,4,86,94,78,""
510,Brooke,구로고,Female,2,84,79,81,""
511,Sacha,구로고,Female,3,66,94,64,""
512,Alicia,단지고,Female,3,78,88,94,javascript
513,Doyle,단지고,Male,2,83,56,78,javascript
514,Christoph,단지고,Male,1,58,53,91,""
515,Jannel,단지고,Female,1,97,68,73,javascript
516,Abbye,구로고,Female,1,69,86,89,python
517,Devondra,구로고,Female,2,54,76,57,C
518,Melly,디지털고,Female,1,94,62,92,""
519,Jessy,구로고,Female,2,50,57,96,""
520,Finn,디지털고,Male,1,93,73,69,javascript
521,Skell,구로고,Male,1,68,68,69,Java
522,Gerti,단지고,Female,3,92,90,99,python
523,Paola,구로고,Female,1,71,85,90,""
524,Missie,구로고,Female,2,55,99,75,python
525,Heather,단지고,Female,2,51,55,58,C
526,Chuck,구로고,Male,3,55,88,61,""
527,Shannon,구로고,Male,3,72,87,89,python
528,Sean,구로고,Male,4,64,50,58,""
529,Jourdain,단지고,Male,4,51,100,52,Java
530,Drucill,구로고,Female,2,69,50,86,python
531,Jamal,구로고,Male,1,100,78,55,""
532,Rivalee,디지털고,Female,1,75,53,93,javascript
533,Tybie,단지고,Female,1,98,86,60,Java
534,Tatiania,구로고,Female,4,73,51,77,Java
535,Johann,디지털고,Male,2,64,65,98,C
536,Frieda,디지털고,Female,3,57,98,70,javascript
537,Fiorenze,구로고,Female,2,99,79,70,""
538,Caril,단지고,Female,1,92,86,96,""
539,Dael,단지고,Female,3,80,70,97,C
540,Nerita,구로고,Female,4,74,77,64,Java
541,Trude,디지털고,Female,1,94,74,85,javascript
542,Lissy,디지털고,Female,1,95,61,98,Java
543,Quincey,단지고,Male,2,70,88,74,javascript
544,Julius,단지고,Male,4,53,90,84,python
545,Bamby,단지고,Female,3,89,72,56,""
546,Abe,단지고,Male,2,57,58,59,javascript
547,Caldwell,디지털고,Male,1,83,95,74,Java
548,Harlie,단지고,Female,4,67,95,84,""
549,Cleavland,구로고,Male,1,94,72,51,python
550,Darwin,구로고,Male,2,59,60,100,""
551,Petronia,단지고,Female,1,56,51,55,Java
552,Klemens,단지고,Male,2,90,72,92,Java
553,Darrel,디지털고,Male,3,97,52,82,""
554,Cyrill,단지고,Male,2,62,85,85,python
555,Abby,디지털고,Male,4,75,75,53,""
556,Ellery,디지털고,Male,4,84,81,54,""
557,Aundrea,디지털고,Female,3,97,72,60,C
558,Gaven,단지고,Male,4,83,79,67,C
559,Clemente,구로고,Male,4,71,82,90,javascript
560,Maurene,디지털고,Female,3,86,64,91,Java
561,Godart,구로고,Male,4,87,75,68,python
562,Annecorinne,디지털고,Female,4,75,99,97,javascript
563,Humfrey,디지털고,Male,2,67,53,73,javascript
564,Gwennie,디지털고,Female,4,77,96,79,C
565,Corene,구로고,Female,4,61,82,77,python
566,Bridgette,디지털고,Female,4,70,97,61,javascript
567,Consuela,단지고,Female,3,75,79,93,C
568,Idalina,단지고,Female,4,69,87,67,C
569,Trenton,구로고,Male,4,90,73,96,Java
570,Gabie,디지털고,Female,2,75,68,65,javascript
571,Shepherd,구로고,Male,2,75,66,51,python
572,Cletus,디지털고,Male,3,65,60,50,""
573,Rem,디지털고,Male,4,50,59,57,C
574,Omar,단지고,Male,1,100,57,80,C
575,Julie,구로고,Female,3,91,88,96,""
576,Rebecca,디지털고,Female,3,67,96,88,javascript
577,Paxon,구로고,Male,4,92,83,69,""
578,Zachery,디지털고,Male,3,91,50,64,Java
579,Elnora,구로고,Female,2,65,92,70,javascript
580,Jake,디지털고,Male,2,69,53,98,javascript
581,Raleigh,디지털고,Male,2,60,63,75,javascript
582,Lyndsie,단지고,Female,4,54,79,58,javascript
583,Biron,구로고,Male,2,80,93,58,python
584,Jodie,디지털고,Male,4,81,75,50,C
585,Caterina,단지고,Female,1,54,68,66,""
586,Hiram,디지털고,Male,3,62,72,54,python
587,Kenon,구로고,Male,4,56,100,99,C
588,Tessy,단지고,Female,1,73,55,67,""
589,Arleyne,단지고,Female,2,69,71,94,python
590,Brand,단지고,Male,2,63,72,93,""
591,Danella,구로고,Female,2,62,92,57,""
592,Artie,단지고,Male,3,87,63,63,python
593,Sumner,구로고,Male,3,94,96,79,""
594,Martie,구로고,Male,3,89,92,56,C
595,Homer,구로고,Male,2,69,57,91,python
596,Audy,단지고,Female,2,52,55,66,""
597,Cletis,디지털고,Male,4,83,57,82,""
598,Waylan,디지털고,Male,4,90,80,58,python
599,Jedidiah,단지고,Male,4,83,73,78,python
600,Briant,디지털고,Male,1,89,92,80,""
601,Nixie,구로고,Female,1,56,69,89,Java
602,Giffer,디지털고,Male,4,70,55,76,""
603,Leilah,단지고,Female,1,97,83,75,Java
604,Bobine,디지털고,Female,3,90,68,81,""
605,Judith,디지털고,Female,3,73,65,75,javascript
606,Jaquelin,디지털고,Female,1,78,91,55,C
607,Haleigh,디지털고,Female,2,54,66,59,C
608,Meagan,구로고,Female,4,68,66,61,""
609,Tuckie,디지털고,Male,3,95,66,95,C
610,Leona,구로고,Female,2,81,67,61,""
611,Hagan,구로고,Male,2,94,94,96,javascript
612,Sheilah,디지털고,Female,2,99,91,97,javascript
613,Moreen,디지털고,Female,3,67,69,64,python
614,Redd,구로고,Male,2,88,70,58,Java
615,Lotte,단지고,Female,4,86,77,76,C
616,Hamish,디지털고,Male,3,76,59,65,python
617,Rafaelia,디지털고,Female,3,91,52,89,""
618,Doy,디지털고,Male,3,61,60,54,""
619,Terry,디지털고,Male,1,92,65,60,""
620,Rubie,단지고,Female,1,79,97,68,python
621,Marlena,디지털고,Female,3,79,81,70,python
622,Lora,구로고,Female,2,60,76,81,C
623,Yelena,단지고,Female,3,97,79,78,Java
624,Gertrud,디지털고,Female,3,90,56,77,python
625,Peggie,구로고,Female,2,93,68,95,""
626,Merna,단지고,Female,3,71,53,99,javascript
627,Delmor,구로고,Male,4,57,72,60,python
628,Tad,단지고,Male,3,62,93,69,C
629,Garwin,디지털고,Male,1,58,56,97,C
630,Ritchie,디지털고,Male,2,78,69,67,javascript
631,Briney,디지털고,Female,2,59,55,96,C
632,Rodd,디지털고,Male,4,52,81,56,javascript
633,Meredithe,구로고,Female,1,95,82,94,Java
634,Simone,구로고,Male,2,57,86,79,javascript
635,Nevil,단지고,Male,3,81,69,56,Java
636,Samantha,단지고,Female,1,50,71,66,Java
637,Rycca,디지털고,Female,2,94,98,83,javascript
638,Dorie,단지고,Female,3,77,63,84,javascript
639,Netty,단지고,Female,4,99,93,87,Java
640,Buck,디지털고,Male,2,54,99,95,javascript
641,Shurwood,디지털고,Male,1,51,76,95,Java
642,Guillema,구로고,Female,2,68,60,93,C
643,Aggi,구로고,Female,2,99,81,54,javascript
644,Lorilyn,단지고,Female,1,100,74,57,Java
645,Raymund,구로고,Male,2,86,89,78,""
646,Almeria,단지고,Female,3,97,100,61,python
647,Emlyn,단지고,Male,2,63,99,93,python
648,Kimble,단지고,Male,3,59,93,50,python
649,Vilhelmina,구로고,Female,3,81,82,94,python
650,Bernetta,구로고,Female,1,75,71,55,Java
651,Nilson,디지털고,Male,4,77,95,95,javascript
652,Leicester,단지고,Male,2,69,81,74,javascript
653,Audry,단지고,Female,1,83,52,83,C
654,Bruce,단지고,Male,4,81,90,54,Java
655,Pall,단지고,Male,1,55,91,93,python
656,Carrol,구로고,Male,2,83,79,50,javascript
657,Ermentrude,구로고,Female,3,52,70,71,python
658,Jessalin,단지고,Female,4,70,58,58,javascript
659,Edsel,디지털고,Male,3,88,54,81,Java
660,Cullan,단지고,Male,2,75,71,61,""
661,Gino,디지털고,Male,2,66,76,100,C
662,Darnall,단지고,Male,4,66,51,96,python
663,Lambert,단지고,Male,2,78,73,98,Java
664,Emmery,단지고,Male,2,81,68,65,python
665,Sayre,구로고,Male,4,98,52,59,C
666,Gustie,구로고,Female,4,96,52,95,javascript
667,Gaven,구로고,Male,1,92,84,56,javascript
668,Sebastiano,디지털고,Male,3,96,58,86,Java
669,Camille,구로고,Female,4,97,87,99,Java
670,Yancy,디지털고,Male,2,59,61,72,javascript
671,Nollie,구로고,Male,2,67,60,74,Java
672,Shell,디지털고,Male,4,87,99,83,""
673,Sherman,구로고,Male,3,61,74,79,python
674,Nikoletta,단지고,Female,2,72,64,98,C
675,Giselle,구로고,Female,3,94,97,76,python
676,Merrili,디지털고,Female,3,98,89,86,Java
677,Cleveland,단지고,Male,4,98,95,67,javascript
678,Mycah,구로고,Male,2,74,91,74,Java
679,Guinevere,단지고,Female,2,89,95,55,javascript
680,Morry,구로고,Male,4,74,63,83,Java
681,Dottie,구로고,Female,4,54,61,68,Java
682,Keen,구로고,Male,2,62,94,67,javascript
683,Millie,구로고,Female,3,78,55,57,python
684,Marcia,단지고,Female,2,72,75,66,C
685,Adolph,구로고,Male,2,95,73,66,python
686,Way,디지털고,Male,3,79,75,93,""
687,Dre,디지털고,Female,1,92,96,82,""
688,Emlen,디지털고,Male,1,61,84,90,""
689,Wilhelmina,구로고,Female,2,57,75,60,python
690,Smitty,디지털고,Male,3,80,82,99,C
691,Gabriele,구로고,Male,1,95,57,80,C
692,Vidovic,구로고,Male,2,67,69,61,python
693,Arda,단지고,Female,1,66,64,68,Java
694,Lilah,단지고,Female,4,76,66,68,python
695,Anneliese,디지털고,Female,2,61,92,90,Java
696,Zorana,단지고,Female,4,80,70,58,C
697,Brantley,디지털고,Male,3,59,69,60,C
698,Auberon,단지고,Male,2,77,63,92,javascript
699,Constantine,디지털고,Female,2,82,57,90,""
700,Tobye,디지털고,Female,2,58,76,59,python
701,Angelico,단지고,Male,3,71,99,72,""
702,Selena,디지털고,Female,4,74,54,68,C
703,Flemming,디지털고,Male,3,56,51,75,python
704,Lambert,구로고,Male,3,94,75,72,javascript
705,Kevan,디지털고,Male,1,60,77,53,Java
706,Tome,구로고,Male,3,68,92,79,python
707,Yehudit,구로고,Male,1,97,84,68,python
708,Petey,단지고,Male,2,51,76,67,C
709,Sayre,구로고,Male,1,99,55,92,C
710,Delmar,구로고,Male,4,98,90,50,""
711,Liuka,디지털고,Female,2,63,50,92,javascript
712,Sax,디지털고,Male,2,84,52,79,Java
713,Marsh,구로고,Male,3,90,67,54,C
714,Merrili,디지털고,Female,1,60,74,68,""
715,Charmane,구로고,Female,4,77,63,51,Java
716,Gaven,디지털고,Male,4,95,50,73,Java
717,Chester,단지고,Male,1,80,75,64,Java
718,Deloris,구로고,Female,3,52,78,80,python
719,Silvester,디지털고,Male,4,51,78,85,python
720,Adriano,단지고,Male,4,56,76,94,C
721,Yetty,단지고,Female,3,100,100,57,C
722,Aubert,구로고,Male,2,67,86,63,python
723,Daisi,단지고,Female,2,100,73,90,""
724,Homere,구로고,Male,2,95,89,58,javascript
725,Jarret,단지고,Male,1,86,58,69,Java
726,Thornton,디지털고,Male,2,74,72,92,C
727,Ev,디지털고,Male,3,82,60,59,javascript
728,Nelli,디지털고,Female,1,73,52,74,""
729,Andres,단지고,Male,1,100,68,67,python
730,Emerson,구로고,Male,4,68,55,50,""
731,Stanton,구로고,Male,3,72,57,63,""
732,Joanna,디지털고,Female,3,55,55,86,C
733,Trent,디지털고,Male,2,59,73,55,Java
734,Ewart,디지털고,Male,3,95,95,87,javascript
735,Thomas,구로고,Male,3,98,75,97,python
736,Nichole,단지고,Female,4,96,52,86,javascript
737,Nananne,단지고,Female,1,66,88,92,""
738,Elly,단지고,Female,4,57,93,91,""
739,Shelba,단지고,Female,2,91,80,75,javascript
740,Annadiane,단지고,Female,3,100,82,84,C
741,Fedora,구로고,Female,2,85,67,69,javascript
742,Honoria,구로고,Female,4,53,55,83,""
743,Lacey,구로고,Female,2,79,70,88,""
744,Gawen,구로고,Male,4,94,98,63,javascript
745,Josefa,구로고,Female,1,93,85,82,C
746,Zacharie,단지고,Male,3,81,74,97,python
747,Whittaker,디지털고,Male,1,77,94,67,Java
748,Devland,구로고,Male,2,76,51,67,""
749,Allina,디지털고,Female,1,98,89,56,""
750,Beck,디지털고,Male,4,67,60,54,""
751,Hortensia,디지털고,Female,2,60,73,51,C
752,Shae,단지고,Male,3,84,90,95,javascript
753,Marylinda,단지고,Female,2,83,58,89,python
754,Wilbert,구로고,Male,2,90,71,75,C
755,Brandy,구로고,Female,4,66,94,51,python
756,Charmane,디지털고,Female,4,57,100,62,Java
757,Kelbee,디지털고,Male,2,77,100,57,""
758,Jordon,디지털고,Male,4,74,71,52,Java
759,Ermin,단지고,Male,3,94,64,96,python
760,Dot,구로고,Female,2,70,50,80,C
761,Chere,디지털고,Female,1,52,92,65,python
762,Ad,디지털고,Male,2,56,68,60,javascript
763,Vasili,디지털고,Male,3,58,65,59,javascript
764,Stanley,디지털고,Male,2,50,77,78,javascript
765,Melba,단지고,Female,3,77,64,93,C
766,Cammy,단지고,Female,4,78,55,61,javascript
767,Ashley,구로고,Male,1,88,74,51,javascript
768,Roderigo,디지털고,Male,4,93,74,89,javascript
769,Lavinia,단지고,Female,4,77,70,66,""
770,Tommy,단지고,Male,2,75,91,60,""
771,Kent,디지털고,Male,4,76,55,67,python
772,Elsbeth,단지고,Female,4,53,76,89,javascript
773,Kinnie,단지고,Male,2,91,69,57,""
774,Alford,디지털고,Male,4,53,63,98,javascript
775,Ursulina,단지고,Female,4,74,50,93,C
776,Annis,구로고,Female,3,54,79,82,""
777,Simone,구로고,Male,2,65,91,95,python
778,Turner,단지고,Male,2,65,58,79,javascript
779,Deeanne,구로고,Female,4,62,72,67,javascript
780,Odo,구로고,Male,3,89,57,55,""
781,Marsha,단지고,Female,4,61,92,64,Java
782,Kelly,디지털고,Female,3,59,85,52,Java
783,Nissy,단지고,Female,4,68,69,51,""
784,Kelsi,단지고,Female,3,61,86,70,Java
785,Claretta,디지털고,Female,3,75,83,63,javascript
786,Marinna,단지고,Female,4,94,84,60,C
787,Karim,구로고,Male,4,61,61,82,Java
788,Lory,단지고,Female,3,63,68,60,Java
789,Kinny,구로고,Male,2,89,90,67,""
790,Waiter,디지털고,Male,3,92,75,71,Java
791,Constantina,단지고,Female,4,89,75,85,C
792,Iolanthe,디지털고,Female,1,99,62,51,""
793,Averil,단지고,Male,2,52,75,97,Java
794,Emelyne,구로고,Female,2,75,94,68,C
795,Sarine,단지고,Female,3,69,74,56,C
796,Shirleen,디지털고,Female,3,79,86,63,javascript
797,Witty,디지털고,Male,4,50,53,62,Java
798,Jud,구로고,Male,2,51,71,77,""
799,Ellary,단지고,Male,1,77,73,52,javascript
800,Enriqueta,구로고,Female,2,78,67,58,python
801,Tomasina,단지고,Female,4,60,62,50,C
802,Farlie,단지고,Male,1,63,96,68,""
803,Karlik,구로고,Male,1,85,64,78,""
804,Danny,구로고,Male,3,75,68,98,C
805,Rici,구로고,Female,3,60,95,70,C
806,Sidoney,구로고,Female,3,99,75,88,C
807,Meredith,단지고,Female,3,100,91,89,C
808,Rhea,구로고,Female,2,63,67,69,C
809,Ursuline,구로고,Female,2,67,82,98,""
810,Adair,구로고,Male,1,70,52,81,""
811,Ashleigh,구로고,Female,1,89,97,100,Java
812,Torre,단지고,Male,4,85,97,65,Java
813,Clemmie,디지털고,Male,2,51,51,97,""
814,Adan,구로고,Female,2,71,64,50,""
815,Lia,구로고,Female,3,55,84,51,Java
816,Selie,단지고,Female,2,63,100,91,Java
817,Joachim,단지고,Male,3,74,53,52,C
818,Aldric,디지털고,Male,2,59,54,93,javascript
819,Karry,디지털고,Female,3,84,90,66,python
820,Leeland,구로고,Male,3,88,85,78,""
821,Annabela,구로고,Female,1,99,58,92,python
822,Eugenia,디지털고,Female,2,94,89,84,""
823,Filmer,단지고,Male,4,83,96,80,Java
824,Eric,구로고,Male,3,98,86,85,C
825,Vincent,구로고,Male,4,54,84,60,python
826,Hamil,구로고,Male,1,95,99,90,C
827,Chaunce,단지고,Male,1,72,86,70,Java
828,Mathe,구로고,Male,1,83,78,59,C
829,Dot,구로고,Female,4,53,68,88,""
830,Gib,단지고,Male,1,88,70,58,Java
831,Jayme,구로고,Male,3,55,86,91,""
832,Erika,구로고,Female,4,71,61,80,javascript
833,Georgy,구로고,Male,4,55,92,99,""
834,Madella,디지털고,Female,3,79,77,58,javascript
835,Delly,디지털고,Female,4,86,62,79,""
836,Clyde,구로고,Male,4,78,58,83,C
837,Natka,단지고,Female,1,90,68,89,python
838,Maurits,디지털고,Male,3,97,97,61,javascript
839,Wendel,디지털고,Male,1,60,96,56,python
840,Lucilia,디지털고,Female,2,55,66,83,python
841,Onofredo,구로고,Male,3,52,58,89,javascript
842,Louisette,구로고,Female,3,97,96,68,python
843,Reba,단지고,Female,1,90,72,97,Java
844,Lonnard,디지털고,Male,1,88,92,90,python
845,Martyn,구로고,Male,3,85,56,57,C
846,Mahalia,단지고,Female,2,50,80,89,C
847,Robb,구로고,Male,3,65,72,54,python
848,Britni,단지고,Female,4,59,78,69,javascript
849,Georgetta,디지털고,Female,1,66,99,60,javascript
850,Tabbie,디지털고,Male,4,99,56,64,javascript
851,Garald,단지고,Male,3,100,72,84,javascript
852,Dennis,단지고,Male,4,99,96,83,C
853,Weber,구로고,Male,4,85,72,70,javascript
854,Edwina,디지털고,Female,3,84,80,77,javascript
855,Marmaduke,구로고,Male,1,96,69,59,javascript
856,Alic,디지털고,Male,4,63,68,64,Java
857,Celinda,디지털고,Female,1,85,53,82,python
858,Arin,단지고,Male,4,66,70,84,C
859,Dyann,디지털고,Female,4,85,93,92,Java
860,Tallulah,구로고,Female,2,74,59,54,""
861,Julie,디지털고,Male,1,67,69,71,""
862,Lucais,단지고,Male,1,57,96,94,C
863,Allen,구로고,Male,1,72,98,78,javascript
864,Robbyn,디지털고,Female,2,85,80,65,javascript
865,Robbie,구로고,Female,1,71,89,87,Java
866,Travus,디지털고,Male,1,94,63,71,python
867,Hans,구로고,Male,4,91,85,79,Java
868,Yardley,단지고,Male,2,51,63,61,C
869,Alley,구로고,Male,4,52,79,96,C
870,Diann,구로고,Female,4,79,77,68,python
871,Rosetta,단지고,Female,4,100,54,87,javascript
872,Kris,구로고,Male,1,62,89,52,""
873,Antonius,구로고,Male,4,63,79,66,C
874,Fannie,디지털고,Female,3,94,71,55,Java
875,Belia,구로고,Female,4,54,54,74,Java
876,Fanchette,구로고,Female,3,98,92,87,""
877,Dalis,디지털고,Male,1,50,71,56,python
878,Geralda,단지고,Female,1,87,76,68,""
879,Grange,구로고,Male,2,94,97,88,javascript
880,Hastie,구로고,Male,3,77,73,72,Java
881,Aura,단지고,Female,1,89,71,72,javascript
882,Alena,단지고,Female,4,85,95,64,javascript
883,Stewart,단지고,Male,2,54,72,68,C
884,Trina,구로고,Female,2,64,71,73,""
885,Thorndike,단지고,Male,3,59,84,76,python
886,Beale,구로고,Male,1,74,95,73,C
887,Linn,구로고,Male,1,81,52,54,javascript
888,Tadd,디지털고,Male,4,86,90,70,C
889,Kimmi,단지고,Female,2,95,79,64,python
890,Philip,디지털고,Male,4,50,97,59,javascript
891,Basia,단지고,Female,3,75,53,88,javascript
892,Stacee,단지고,Female,3,82,98,92,javascript
893,Rea,디지털고,Female,1,100,76,98,Java
894,Alleen,단지고,Female,4,92,88,66,C
895,Wallis,구로고,Male,2,95,85,85,javascript
896,Linnie,구로고,Female,2,73,85,65,javascript
897,Priscilla,단지고,Female,2,92,66,65,python
898,Jakob,디지털고,Male,1,51,90,78,javascript
899,Cornela,단지고,Female,3,99,76,56,""
900,Perla,디지털고,Female,2,88,67,62,python
901,Mikaela,단지고,Female,1,83,70,78,python
902,Evita,디지털고,Female,4,76,77,95,python
903,Louisette,단지고,Female,1,52,87,94,python
904,Martino,단지고,Male,4,87,59,81,""
905,Austin,구로고,Male,2,56,76,85,Java
906,Zedekiah,단지고,Male,2,63,73,88,python
907,Dimitry,단지고,Male,4,83,82,56,python
908,Rayshell,단지고,Female,4,71,66,76,python
909,Jamima,단지고,Female,1,69,62,51,python
910,Hedvige,구로고,Female,2,90,75,84,""
911,Abrahan,단지고,Male,4,53,100,91,Java
912,Bertrand,디지털고,Male,4,76,76,63,""
913,Derick,구로고,Male,2,64,81,90,""
914,Roshelle,구로고,Female,2,77,57,67,""
915,Gelya,구로고,Female,3,69,88,56,C
916,Gayelord,단지고,Male,4,60,80,64,javascript
917,Alfredo,단지고,Male,4,65,99,62,javascript
918,Elvis,구로고,Male,4,55,52,52,C
919,Enriqueta,디지털고,Female,2,99,56,94,""
920,Annabal,디지털고,Female,3,57,72,54,""
921,Chic,구로고,Male,3,80,87,62,Java
922,Eulalie,단지고,Female,3,59,73,69,python
923,Trevor,구로고,Male,3,77,73,78,C
924,Cinda,디지털고,Female,4,59,57,52,python
925,Ketti,단지고,Female,4,90,61,99,Java
926,Ceciley,디지털고,Female,1,52,89,89,python
927,Kesley,구로고,Female,2,78,80,63,javascript
928,Ingar,단지고,Male,3,77,94,64,python
929,Reeba,구로고,Female,2,50,66,68,Java
930,Tore,디지털고,Male,4,58,66,82,Java
931,Helaine,단지고,Female,2,66,67,59,Java
932,Wilow,디지털고,Female,2,74,89,91,""
933,Jens,단지고,Male,4,95,83,56,python
934,Ashli,단지고,Female,3,63,99,95,""
935,Tallie,구로고,Male,2,76,66,66,javascript
936,Ringo,단지고,Male,4,81,62,96,python
937,Franklyn,구로고,Male,4,52,57,54,javascript
938,Mercy,디지털고,Female,1,95,94,87,javascript
939,Rebbecca,디지털고,Female,3,59,60,75,Java
940,Cathe,구로고,Female,2,87,58,61,python
941,Aksel,구로고,Male,2,59,93,91,javascript
942,Danit,단지고,Female,1,73,64,65,""
943,Lee,구로고,Female,2,98,95,70,python
944,Nevil,구로고,Male,1,73,67,84,Java
945,Clarine,디지털고,Female,3,57,59,61,C
946,Allayne,디지털고,Male,1,53,79,61,javascript
947,Kalina,디지털고,Female,3,79,54,73,C
948,Perry,디지털고,Female,3,61,59,53,python
949,Meredith,디지털고,Male,4,61,64,99,""
950,Ade,디지털고,Male,2,82,53,67,Java
951,Teriann,단지고,Female,3,66,71,87,javascript
952,Alleen,구로고,Female,3,89,73,90,python
953,Ashley,구로고,Female,4,87,59,75,C
954,Vinnie,단지고,Male,1,73,97,80,Java
955,Geno,디지털고,Male,2,72,76,59,C
956,Burton,구로고,Male,2,63,72,75,python
957,Patrizius,구로고,Male,4,83,85,59,python
958,Kirby,구로고,Female,3,75,94,79,""
959,Friederike,디지털고,Female,2,57,51,55,""
960,Stanford,구로고,Male,2,58,68,59,C
961,Dacy,단지고,Female,2,63,72,83,C
962,Barty,디지털고,Male,3,85,96,59,javascript
963,Marya,단지고,Female,3,51,53,52,""
964,Barrett,단지고,Male,1,81,78,96,python
965,Hirsch,단지고,Male,2,91,87,74,python
966,Allyn,구로고,Female,4,93,84,96,C
967,Austine,구로고,Female,3,94,61,96,C
968,Dona,디지털고,Female,1,64,92,82,Java
969,Cam,단지고,Male,1,66,70,92,C
970,Faunie,단지고,Female,4,53,72,66,""
971,Lory,구로고,Female,2,92,54,54,python
972,Roley,단지고,Male,1,91,85,79,Java
973,Ingaborg,단지고,Female,3,73,61,75,python
974,Cyndia,구로고,Female,2,57,83,83,javascript
975,Lincoln,구로고,Male,4,50,59,97,C
976,Ann-marie,구로고,Female,3,55,87,74,javascript
977,Prent,단지고,Male,1,96,55,52,Java
978,Esmaria,디지털고,Female,3,80,79,77,Java
979,Colman,구로고,Male,2,66,88,88,Java
980,Cornelle,구로고,Female,1,73,77,85,javascript
981,Rafi,디지털고,Male,2,90,98,59,Java
982,Haywood,단지고,Male,3,57,77,85,python
983,Witty,단지고,Male,3,69,73,63,""
984,Orrin,디지털고,Male,4,62,82,65,javascript
985,Ailyn,구로고,Female,2,76,53,55,""
986,Omar,디지털고,Male,4,83,79,60,C
987,Cos,단지고,Male,4,100,63,78,python
988,Rutherford,디지털고,Male,4,100,87,72,python
989,Gilburt,디지털고,Male,1,75,60,77,Java
990,Klarika,구로고,Female,4,82,70,95,javascript
991,Corrinne,단지고,Female,4,94,80,73,""
992,Emlen,구로고,Male,4,78,84,91,Java
993,Wat,단지고,Male,1,70,94,68,C
994,Adelind,구로고,Female,1,84,91,61,C
995,Talbot,단지고,Male,3,58,56,78,Java
996,Stearn,디지털고,Male,4,58,58,66,javascript
997,Bartlett,디지털고,Male,2,68,92,99,C
998,Bunny,구로고,Female,4,65,89,74,python
999,Jennie,단지고,Female,2,88,76,54,C
1000,Lilllie,구로고,Female,2,91,86,69,C
